Price,Close,High,Low,Open,Volume,Return,Date
Ticker,^GSPC,^GSPC,^GSPC,^GSPC,^GSPC,,
Date,,,,,,,
2017-01-20,2271.31005859375,2276.9599609375,2265.010009765625,2269.9599609375,3536850000,,2017-01-20
2017-01-23,2265.199951171875,2271.780029296875,2257.02001953125,2267.780029296875,3155240000,-0.002690124758069401,2017-01-23
2017-01-24,2280.070068359375,2284.6298828125,2266.679931640625,2267.8798828125,3816950000,0.006564593637664151,2017-01-24
2017-01-25,2298.3701171875,2299.550048828125,2288.8798828125,2288.8798828125,3849340000,0.008026090549617448,2017-01-25
2017-01-26,2296.679931640625,2300.989990234375,2294.080078125,2298.6298828125,3611510000,-0.0007353844075136395,2017-01-26
2017-01-27,2294.68994140625,2299.02001953125,2291.6201171875,2299.02001953125,3137420000,-0.000866463892926328,2017-01-27
2017-01-30,2280.89990234375,2286.010009765625,2268.0400390625,2286.010009765625,3595040000,-0.006009543517695892,2017-01-30
2017-01-31,2278.8701171875,2279.090087890625,2267.2099609375,2274.02001953125,4089730000,-0.0008899054071440649,2017-01-31
2017-02-01,2279.550048828125,2289.139892578125,2272.43994140625,2285.590087890625,3919190000,0.00029836348965073256,2017-02-01
2017-02-02,2280.85009765625,2283.969970703125,2271.64990234375,2276.68994140625,3809760000,0.0005703094032936118,2017-02-02
2017-02-03,2297.419921875,2298.31005859375,2287.8798828125,2288.5400390625,3605970000,0.007264758098647794,2017-02-03
2017-02-06,2292.56005859375,2296.179931640625,2288.570068359375,2294.280029296875,3112390000,-0.002115356985885164,2017-02-06
2017-02-07,2293.080078125,2299.39990234375,2290.159912109375,2295.8701171875,3452460000,0.00022682918569594257,2017-02-07
2017-02-08,2294.669921875,2295.909912109375,2285.3798828125,2289.550048828125,3611950000,0.0006933223855400961,2017-02-08
2017-02-09,2307.8701171875,2311.080078125,2296.610107421875,2296.699951171875,3681600000,0.005752546449780516,2017-02-09
2017-02-10,2316.10009765625,2319.22998046875,2311.10009765625,2312.27001953125,3496600000,0.003566050102845164,2017-02-10
2017-02-13,2328.25,2331.580078125,2321.419921875,2321.719970703125,3352370000,0.005245845097992419,2017-02-13
2017-02-14,2337.580078125,2337.580078125,2322.169921875,2326.1201171875,3528040000,0.004007335176634763,2017-02-14
2017-02-15,2349.25,2351.300048828125,2334.81005859375,2335.580078125,3785870000,0.004992308919898214,2017-02-15
2017-02-16,2347.219970703125,2351.31005859375,2338.8701171875,2349.639892578125,3675900000,-0.0008641180363413437,2017-02-16
2017-02-17,2351.159912109375,2351.159912109375,2339.580078125,2343.010009765625,3516830000,0.0016785565287558146,2017-02-17
2017-02-21,2365.3798828125,2366.7099609375,2354.909912109375,2354.909912109375,3587520000,0.006048066160828425,2017-02-21
2017-02-22,2362.820068359375,2365.1298828125,2358.340087890625,2361.110107421875,3473170000,-0.001082200145408052,2017-02-22
2017-02-23,2363.81005859375,2368.260009765625,2355.090087890625,2367.5,4021770000,0.00041898672168572126,2017-02-23
2017-02-24,2367.340087890625,2367.340087890625,2352.8701171875,2355.72998046875,3832410000,0.0014933641914423035,2017-02-24
2017-02-27,2369.75,2371.5400390625,2361.8701171875,2365.22998046875,3584680000,0.0010179830611165563,2017-02-27
2017-02-28,2363.639892578125,2367.7900390625,2358.9599609375,2366.080078125,4212460000,-0.0025783763780462543,2017-02-28
2017-03-01,2395.9599609375,2400.97998046875,2380.1298828125,2380.1298828125,4347630000,0.013673854659866258,2017-03-01
2017-03-02,2381.919921875,2394.75,2380.169921875,2394.75,3824030000,-0.005859880503598425,2017-03-02
2017-03-03,2383.1201171875,2383.889892578125,2375.389892578125,2380.919921875,3556670000,0.0005038772720600271,2017-03-03
2017-03-06,2375.31005859375,2378.800048828125,2367.97998046875,2375.22998046875,3251800000,-0.0032772408480052917,2017-03-06
2017-03-07,2368.389892578125,2375.1201171875,2365.510009765625,2370.739990234375,3526300000,-0.0029133737680216987,2017-03-07
2017-03-08,2362.97998046875,2373.090087890625,2361.010009765625,2369.81005859375,3814080000,-0.002284215165048731,2017-03-08
2017-03-09,2364.8701171875,2369.080078125,2354.5400390625,2363.489990234375,3718450000,0.0007998953585612867,2017-03-09
2017-03-10,2372.60009765625,2376.860107421875,2363.0400390625,2372.52001953125,3434400000,0.003268670195698986,2017-03-10
2017-03-13,2373.469970703125,2374.419921875,2368.52001953125,2371.56005859375,3166650000,0.0003666328125562224,2017-03-13
2017-03-14,2365.449951171875,2368.550048828125,2358.179931640625,2368.550048828125,3173760000,-0.0033790271755046453,2017-03-14
2017-03-15,2385.260009765625,2390.010009765625,2368.93994140625,2370.340087890625,3909490000,0.008374752796581397,2017-03-15
2017-03-16,2381.3798828125,2388.10009765625,2377.179931640625,2387.7099609375,3368880000,-0.0016267102694209612,2017-03-16
2017-03-17,2378.25,2385.7099609375,2377.639892578125,2383.7099609375,5179820000,-0.0013143147950017697,2017-03-17
2017-03-20,2373.469970703125,2379.550048828125,2369.659912109375,2378.239990234375,3061560000,-0.0020098935338483948,2017-03-20
2017-03-21,2344.02001953125,2381.929931640625,2341.89990234375,2379.320068359375,4278890000,-0.012407972940626899,2017-03-21
2017-03-22,2348.449951171875,2351.81005859375,2336.449951171875,2343.0,3575160000,0.0018898864360001877,2017-03-22
2017-03-23,2345.9599609375,2358.919921875,2342.1298828125,2345.969970703125,3262400000,-0.001060269661328106,2017-03-23
2017-03-24,2343.97998046875,2356.219970703125,2335.739990234375,2350.419921875,2978530000,-0.0008439958489141475,2017-03-24
2017-03-27,2341.590087890625,2344.89990234375,2322.25,2329.110107421875,3242300000,-0.001019587452981141,2017-03-27
2017-03-28,2358.570068359375,2363.780029296875,2337.6298828125,2339.7900390625,3369120000,0.007251474353500598,2017-03-28
2017-03-29,2361.1298828125,2363.360107421875,2352.93994140625,2356.5400390625,3107670000,0.001085324742930105,2017-03-29
2017-03-30,2368.06005859375,2370.419921875,2358.580078125,2361.31005859375,3159680000,0.002935109936855751,2017-03-30
2017-03-31,2362.719970703125,2370.35009765625,2362.60009765625,2364.820068359375,3356740000,-0.002255047489714501,2017-03-31
2017-04-03,2358.840087890625,2365.8701171875,2344.72998046875,2362.340087890625,3418730000,-0.0016421255420062675,2017-04-03
2017-04-04,2360.159912109375,2360.530029296875,2350.719970703125,2354.760009765625,3208340000,0.0005595225490382383,2017-04-04
2017-04-05,2352.949951171875,2378.360107421875,2350.52001953125,2366.590087890625,3780650000,-0.0030548611983906016,2017-04-05
2017-04-06,2357.489990234375,2364.159912109375,2348.89990234375,2353.7900390625,3203250000,0.001929509405943275,2017-04-06
2017-04-07,2355.5400390625,2363.760009765625,2350.739990234375,2356.590087890625,3054700000,-0.0008271302020167459,2017-04-07
2017-04-10,2357.159912109375,2366.3701171875,2351.5,2357.159912109375,2792570000,0.0006876864837839225,2017-04-10
2017-04-11,2353.780029296875,2355.219970703125,2337.25,2353.919921875,3120900000,-0.001433879303282093,2017-04-11
2017-04-12,2344.929931640625,2352.719970703125,2341.179931640625,2352.14990234375,3201300000,-0.003759951034546627,2017-04-12
2017-04-13,2328.949951171875,2348.260009765625,2328.949951171875,2341.97998046875,3146380000,-0.006814694227374907,2017-04-13
2017-04-17,2349.010009765625,2349.139892578125,2332.510009765625,2332.6201171875,2826890000,0.008613348940219367,2017-04-17
2017-04-18,2342.18994140625,2348.35009765625,2334.5400390625,2342.530029296875,3272210000,-0.0029033798625895946,2017-04-18
2017-04-19,2338.169921875,2352.6298828125,2335.050048828125,2346.7900390625,3521160000,-0.0017163507793208632,2017-04-19
2017-04-20,2355.840087890625,2361.3701171875,2340.909912109375,2342.68994140625,3648990000,0.007557263417987681,2017-04-20
2017-04-21,2348.68994140625,2356.179931640625,2344.510009765625,2354.739990234375,3524160000,-0.0030350729326357184,2017-04-21
2017-04-24,2374.14990234375,2376.97998046875,2369.18994140625,2370.330078125,3711170000,0.01084006896297951,2017-04-24
2017-04-25,2388.610107421875,2392.47998046875,2381.14990234375,2381.510009765625,4005820000,0.006090687476747014,2017-04-25
2017-04-26,2387.449951171875,2398.159912109375,2386.780029296875,2388.97998046875,4111350000,-0.00048570348354270987,2017-04-26
2017-04-27,2388.77001953125,2392.10009765625,2382.679931640625,2389.699951171875,4099940000,0.0005529198041311911,2017-04-27
2017-04-28,2384.199951171875,2393.679931640625,2382.360107421875,2393.679931640625,3721350000,-0.0019131470681601481,2017-04-28
2017-05-01,2388.330078125,2394.489990234375,2384.830078125,2388.5,3201500000,0.0017322905115801923,2017-05-01
2017-05-02,2391.169921875,2392.929931640625,2385.820068359375,2391.050048828125,3861360000,0.0011890499458222514,2017-05-02
2017-05-03,2388.1298828125,2389.820068359375,2379.75,2386.5,3896760000,-0.0012713605313821041,2017-05-03
2017-05-04,2389.52001953125,2391.429931640625,2380.35009765625,2389.7900390625,4367860000,0.0005821026438950216,2017-05-04
2017-05-05,2399.2900390625,2399.2900390625,2389.3798828125,2392.3701171875,3543240000,0.0040886954080285864,2017-05-05
2017-05-08,2399.3798828125,2401.360107421875,2393.919921875,2399.93994140625,3429990000,3.744597299082386e-05,2017-05-08
2017-05-09,2396.919921875,2403.8701171875,2392.43994140625,2401.580078125,3657840000,-0.0010252486299153762,2017-05-09
2017-05-10,2399.6298828125,2399.739990234375,2392.7900390625,2396.7900390625,3649370000,0.0011306013658478609,2017-05-10
2017-05-11,2394.43994140625,2395.719970703125,2381.739990234375,2394.840087890625,3727710000,-0.002162809124616749,2017-05-11
2017-05-12,2390.89990234375,2392.43994140625,2387.18994140625,2392.43994140625,3304620000,-0.0014784413679722608,2017-05-12
2017-05-15,2402.320068359375,2404.050048828125,2393.93994140625,2393.97998046875,3490080000,0.004776513648450997,2017-05-15
2017-05-16,2400.669921875,2405.77001953125,2396.050048828125,2404.550048828125,3421810000,-0.0006868970151433507,2017-05-16
2017-05-17,2357.030029296875,2384.8701171875,2356.2099609375,2382.949951171875,4164760000,-0.018178214414433458,2017-05-17
2017-05-18,2365.719970703125,2375.739990234375,2352.719970703125,2354.68994140625,4319440000,0.003686818283279214,2017-05-18
2017-05-19,2381.72998046875,2389.06005859375,2370.429931640625,2371.3701171875,3831700000,0.006767499942466504,2017-05-19
2017-05-22,2394.02001953125,2395.4599609375,2386.919921875,2387.2099609375,3176580000,0.005160131149745784,2017-05-22
2017-05-23,2398.419921875,2400.85009765625,2393.8798828125,2397.0400390625,3216560000,0.001837871992654172,2017-05-23
2017-05-24,2404.389892578125,2405.580078125,2397.989990234375,2401.409912109375,3389240000,0.002489126548973042,2017-05-24
2017-05-25,2415.070068359375,2418.7099609375,2408.010009765625,2409.5400390625,3538210000,0.00444194837709877,2017-05-25
2017-05-26,2415.820068359375,2416.679931640625,2412.199951171875,2414.5,2806930000,0.00031054999597146526,2017-05-26
2017-05-30,2412.909912109375,2415.260009765625,2409.429931640625,2411.669921875,3205860000,-0.0012046245861250249,2017-05-30
2017-05-31,2411.800048828125,2415.989990234375,2403.590087890625,2415.6298828125,4518040000,-0.000459968801852062,2017-05-31
2017-06-01,2430.06005859375,2430.06005859375,2413.5400390625,2415.64990234375,3860620000,0.007571112611303388,2017-06-01
2017-06-02,2439.070068359375,2440.22998046875,2427.7099609375,2431.280029296875,3465500000,0.0037077313104922904,2017-06-02
2017-06-05,2436.10009765625,2439.550048828125,2434.320068359375,2437.830078125,2916720000,-0.001217665183814387,2017-06-05
2017-06-06,2429.330078125,2436.2099609375,2428.1201171875,2431.919921875,3376750000,-0.0027790399654609166,2017-06-06
2017-06-07,2433.139892578125,2435.280029296875,2424.75,2432.030029296875,3576220000,0.0015682572275503848,2017-06-07
2017-06-08,2433.7900390625,2439.27001953125,2427.93994140625,2434.27001953125,3735980000,0.00026720472849017796,2017-06-08
2017-06-09,2431.77001953125,2446.199951171875,2415.699951171875,2436.389892578125,4029860000,-0.0008299892344156845,2017-06-09
2017-06-12,2429.389892578125,2430.3798828125,2419.969970703125,2425.8798828125,4031840000,-0.000978763178264619,2017-06-12
2017-06-13,2440.35009765625,2441.489990234375,2431.280029296875,2434.14990234375,3278240000,0.004511505177332342,2017-06-13
2017-06-14,2437.919921875,2443.75,2428.340087890625,2443.75,3558640000,-0.0009958307964025304,2017-06-14
2017-06-15,2432.4599609375,2433.949951171875,2418.530029296875,2424.139892578125,3371980000,-0.0022395981461527104,2017-06-15
2017-06-16,2433.14990234375,2433.14990234375,2422.8798828125,2431.239990234375,5299380000,0.0002836393681004967,2017-06-16
2017-06-19,2453.4599609375,2453.820068359375,2441.7900390625,2442.550048828125,3271480000,0.008347228657875183,2017-06-19
2017-06-20,2437.030029296875,2450.659912109375,2436.60009765625,2450.659912109375,3422700000,-0.0066966373620162,2017-06-20
2017-06-21,2435.610107421875,2442.22998046875,2430.739990234375,2439.31005859375,3599190000,-0.0005826443900691647,2017-06-21
2017-06-22,2434.5,2441.6201171875,2433.27001953125,2437.39990234375,3477250000,-0.00045578207221763645,2017-06-22
2017-06-23,2438.300048828125,2441.39990234375,2431.110107421875,2434.64990234375,5282460000,0.0015609155178168965,2017-06-23
2017-06-26,2439.070068359375,2450.419921875,2437.030029296875,2443.320068359375,3243660000,0.000315801794623205,2017-06-26
2017-06-27,2419.3798828125,2440.14990234375,2419.3798828125,2436.340087890625,3564770000,-0.00807282488613359,2017-06-27
2017-06-28,2440.68994140625,2442.969970703125,2428.02001953125,2428.699951171875,3479980000,0.008808066374833778,2017-06-28
2017-06-29,2419.699951171875,2442.72998046875,2405.699951171875,2442.3798828125,3869560000,-0.008600023246820632,2017-06-29
2017-06-30,2423.409912109375,2432.7099609375,2421.64990234375,2429.199951171875,3366030000,0.0015332318107057485,2017-06-30
2017-07-03,2429.010009765625,2439.169921875,2428.68994140625,2431.389892578125,1901480000,0.002310833849555216,2017-07-03
2017-07-05,2432.5400390625,2434.89990234375,2422.050048828125,2430.780029296875,3368150000,0.001453279024245635,2017-07-05
2017-07-06,2409.75,2424.280029296875,2407.699951171875,2423.43994140625,3368710000,-0.009368823820586791,2017-07-06
2017-07-07,2425.179931640625,2426.919921875,2413.52001953125,2413.52001953125,2929390000,0.006403125486305727,2017-07-07
2017-07-10,2427.429931640625,2432.0,2422.27001953125,2424.510009765625,3009880000,0.0009277662125786179,2017-07-10
2017-07-11,2425.530029296875,2429.300048828125,2412.7900390625,2427.35009765625,3108800000,-0.0007826806116978391,2017-07-11
2017-07-12,2443.25,2445.760009765625,2435.75,2435.75,3176900000,0.007305607635895495,2017-07-12
2017-07-13,2447.830078125,2449.320068359375,2441.68994140625,2444.989990234375,3068510000,0.0018745843139260643,2017-07-13
2017-07-14,2459.27001953125,2463.5400390625,2446.68994140625,2449.159912109375,2738460000,0.004673503078699293,2017-07-14
2017-07-17,2459.139892578125,2462.820068359375,2457.159912109375,2459.5,2800580000,-5.291283677333336e-05,2017-07-17
2017-07-18,2460.610107421875,2460.919921875,2450.340087890625,2455.8798828125,2974090000,0.0005978573436131729,2017-07-18
2017-07-19,2473.830078125,2473.830078125,2463.85009765625,2463.85009765625,3063810000,0.005372639356088893,2017-07-19
2017-07-20,2473.449951171875,2477.6201171875,2468.429931640625,2475.56005859375,3223820000,-0.00015365928181010347,2017-07-20
2017-07-21,2472.5400390625,2472.5400390625,2465.06005859375,2467.39990234375,3066880000,-0.00036787164783502746,2017-07-21
2017-07-24,2469.909912109375,2473.10009765625,2466.320068359375,2472.0400390625,3019920000,-0.0010637348279797232,2017-07-24
2017-07-25,2477.1298828125,2481.239990234375,2474.909912109375,2477.8798828125,4116360000,0.002923171678338221,2017-07-25
2017-07-26,2477.830078125,2481.68994140625,2474.93994140625,2479.969970703125,3597830000,0.0002826639480466575,2017-07-26
2017-07-27,2475.419921875,2484.0400390625,2459.929931640625,2482.760009765625,4035740000,-0.0009726882691745153,2017-07-27
2017-07-28,2472.10009765625,2473.530029296875,2464.659912109375,2469.1201171875,3302850000,-0.001341115577770502,2017-07-28
2017-07-31,2470.300048828125,2477.9599609375,2468.530029296875,2475.93994140625,3475930000,-0.0007281456077897763,2017-07-31
2017-08-01,2476.35009765625,2478.510009765625,2471.139892578125,2477.10009765625,3470260000,0.0024491149692504877,2017-08-01
2017-08-02,2477.570068359375,2480.3798828125,2466.47998046875,2480.3798828125,3487150000,0.0004926487188865458,2017-08-02
2017-08-03,2472.159912109375,2476.030029296875,2468.85009765625,2476.030029296875,3662410000,-0.002183654185644257,2017-08-03
2017-08-04,2476.830078125,2480.0,2472.080078125,2476.8798828125,3239980000,0.0018891035295691694,2017-08-04
2017-08-07,2480.909912109375,2480.949951171875,2475.8798828125,2477.139892578125,2935130000,0.001647199789928111,2017-08-07
2017-08-08,2474.919921875,2490.8701171875,2470.320068359375,2478.35009765625,3347480000,-0.0024144327873969473,2017-08-08
2017-08-09,2474.02001953125,2474.409912109375,2462.080078125,2465.35009765625,3310960000,-0.00036360867105078576,2017-08-09
2017-08-10,2438.2099609375,2465.3798828125,2437.75,2465.3798828125,3635820000,-0.014474441722801767,2017-08-10
2017-08-11,2441.320068359375,2448.090087890625,2437.85009765625,2441.0400390625,3161830000,0.0012755699762128092,2017-08-11
2017-08-14,2465.840087890625,2468.219970703125,2454.9599609375,2454.9599609375,2824320000,0.010043754544535322,2017-08-14
2017-08-15,2464.610107421875,2468.89990234375,2461.610107421875,2468.659912109375,2922430000,-0.0004988078808476626,2017-08-15
2017-08-16,2468.110107421875,2474.929931640625,2463.860107421875,2468.6298828125,2956570000,0.0014201029158569245,2017-08-16
2017-08-17,2430.010009765625,2465.02001953125,2430.010009765625,2462.949951171875,3164950000,-0.015436952160958639,2017-08-17
2017-08-18,2425.550048828125,2440.27001953125,2420.68994140625,2427.639892578125,3426970000,-0.0018353673110713675,2017-08-18
2017-08-21,2428.3701171875,2430.580078125,2417.35009765625,2425.5,2803650000,0.001162651069903653,2017-08-21
2017-08-22,2452.510009765625,2454.77001953125,2433.669921875,2433.75,2780990000,0.00994077978775465,2017-08-22
2017-08-23,2444.0400390625,2448.909912109375,2441.419921875,2444.8798828125,2796950000,-0.0034535927149730306,2017-08-23
2017-08-24,2438.969970703125,2450.389892578125,2436.18994140625,2447.909912109375,2849680000,-0.0020744620703185834,2017-08-24
2017-08-25,2443.050048828125,2453.9599609375,2442.219970703125,2444.719970703125,2593350000,0.0016728693563305974,2017-08-25
2017-08-28,2444.239990234375,2449.1201171875,2439.030029296875,2447.35009765625,2682920000,0.00048707205438569545,2017-08-28
2017-08-29,2446.300048828125,2449.18994140625,2428.199951171875,2431.93994140625,2739460000,0.000842821736810162,2017-08-29
2017-08-30,2457.590087890625,2460.31005859375,2443.77001953125,2446.06005859375,2637780000,0.004615148933961866,2017-08-30
2017-08-31,2471.64990234375,2475.010009765625,2462.64990234375,2462.64990234375,3353860000,0.005720976220730423,2017-08-31
2017-09-01,2476.550048828125,2480.3798828125,2473.85009765625,2474.419921875,2712780000,0.001982540682532896,2017-09-01
2017-09-05,2457.85009765625,2471.969970703125,2446.550048828125,2470.35009765625,3502190000,-0.007550806889900619,2017-09-05
2017-09-06,2465.5400390625,2469.639892578125,2459.199951171875,2463.830078125,3400200000,0.0031287267736885838,2017-09-06
2017-09-07,2465.10009765625,2468.6201171875,2460.2900390625,2468.06005859375,3365780000,-0.00017843612323464875,2017-09-07
2017-09-08,2461.429931640625,2467.110107421875,2459.39990234375,2462.25,3308360000,-0.001488850703918465,2017-09-08
2017-09-11,2488.110107421875,2488.949951171875,2474.52001953125,2474.52001953125,3293460000,0.01083929931877714,2017-09-11
2017-09-12,2496.47998046875,2496.77001953125,2490.3701171875,2491.93994140625,3234280000,0.0033639480109453057,2017-09-12
2017-09-13,2498.3701171875,2498.3701171875,2492.139892578125,2493.889892578125,3371370000,0.0007571207193879381,2017-09-13
2017-09-14,2495.6201171875,2498.429931640625,2491.35009765625,2494.56005859375,3422470000,-0.0011007176162897148,2017-09-14
2017-09-15,2500.22998046875,2500.22998046875,2493.159912109375,2495.669921875,4862970000,0.0018471814878802117,2017-09-15
2017-09-18,2503.8701171875,2508.320068359375,2499.919921875,2502.510009765625,3204700000,0.0014559207541648966,2017-09-18
2017-09-19,2506.64990234375,2507.840087890625,2503.18994140625,2506.2900390625,3253760000,0.0011101954279371107,2017-09-19
2017-09-20,2508.239990234375,2508.85009765625,2496.669921875,2506.840087890625,3584570000,0.0006343478158390425,2017-09-20
2017-09-21,2500.60009765625,2507.159912109375,2499.0,2507.159912109375,2965590000,-0.0030459176984141134,2017-09-21
2017-09-22,2502.219970703125,2503.469970703125,2496.5400390625,2497.260009765625,2877980000,0.0006477937229520947,2017-09-22
2017-09-25,2496.659912109375,2502.5400390625,2488.030029296875,2499.389892578125,3314530000,-0.002222050282888466,2017-09-25
2017-09-26,2496.840087890625,2503.510009765625,2495.1201171875,2501.0400390625,3070770000,7.216672978804795e-05,2017-09-26
2017-09-27,2507.0400390625,2511.75,2495.909912109375,2503.300048828125,3485070000,0.004085143947080816,2017-09-27
2017-09-28,2510.06005859375,2510.81005859375,2502.929931640625,2503.409912109375,3173030000,0.001204615596159142,2017-09-28
2017-09-29,2519.360107421875,2519.43994140625,2507.989990234375,2509.9599609375,3220260000,0.0037051100814438076,2017-09-29
2017-10-02,2529.1201171875,2529.22998046875,2520.39990234375,2521.199951171875,3226370000,0.003874003457017716,2017-10-02
2017-10-03,2534.580078125,2535.1298828125,2528.85009765625,2530.340087890625,3073480000,0.0021588381272976687,2017-10-03
2017-10-04,2537.739990234375,2540.530029296875,2531.800048828125,2533.47998046875,3020770000,0.0012467201713795006,2017-10-04
2017-10-05,2552.070068359375,2552.510009765625,2540.02001953125,2540.860107421875,3059730000,0.005646787369921524,2017-10-05
2017-10-06,2549.330078125,2549.409912109375,2543.7900390625,2547.43994140625,2898270000,-0.0010736344069645076,2017-10-06
2017-10-09,2544.72998046875,2551.820068359375,2541.60009765625,2551.389892578125,2486940000,-0.0018044339160793177,2017-10-09
2017-10-10,2550.639892578125,2555.22998046875,2544.860107421875,2549.989990234375,2962610000,0.002322412261707374,2017-10-10
2017-10-11,2555.239990234375,2555.239990234375,2547.949951171875,2550.6201171875,2991320000,0.0018035072962026,2017-10-11
2017-10-12,2550.929931640625,2555.330078125,2548.31005859375,2552.8798828125,3157280000,-0.0016867529508860502,2017-10-12
2017-10-13,2553.169921875,2557.64990234375,2552.090087890625,2555.659912109375,3150470000,0.0008781073155288421,2017-10-13
2017-10-16,2557.639892578125,2559.469970703125,2552.639892578125,2555.570068359375,2918030000,0.0017507533144689447,2017-10-16
2017-10-17,2559.360107421875,2559.7099609375,2554.68994140625,2557.169921875,2901890000,0.0006725789853143649,2017-10-17
2017-10-18,2561.260009765625,2564.110107421875,2559.669921875,2562.8701171875,2999320000,0.0007423349056041584,2017-10-18
2017-10-19,2562.10009765625,2562.360107421875,2547.919921875,2553.389892578125,3019520000,0.00032799789456050554,2017-10-19
2017-10-20,2575.2099609375,2575.43994140625,2567.56005859375,2567.56005859375,3394450000,0.0051168427389869375,2017-10-20
2017-10-23,2564.97998046875,2578.2900390625,2564.330078125,2578.080078125,3214470000,-0.003972484039719171,2017-10-23
2017-10-24,2569.1298828125,2572.179931640625,2565.580078125,2568.659912109375,3435660000,0.001617908278173541,2017-10-24
2017-10-25,2557.14990234375,2567.39990234375,2544.0,2566.52001953125,3885470000,-0.004663049754275228,2017-10-25
2017-10-26,2560.39990234375,2567.070068359375,2559.800048828125,2560.080078125,3891750000,0.001270946219078306,2017-10-26
2017-10-27,2581.070068359375,2582.97998046875,2565.93994140625,2570.260009765625,3896100000,0.008073022498049642,2017-10-27
2017-10-30,2572.830078125,2580.030029296875,2568.25,2577.75,3660230000,-0.003192470570786421,2017-10-30
2017-10-31,2575.260009765625,2578.2900390625,2572.14990234375,2575.989990234375,3844420000,0.0009444586571358826,2017-10-31
2017-11-01,2579.360107421875,2588.39990234375,2574.919921875,2583.2099609375,3841200000,0.0015921101716727115,2017-11-01
2017-11-02,2579.85009765625,2581.110107421875,2566.169921875,2579.4599609375,4050140000,0.00018996581088659426,2017-11-02
2017-11-03,2587.840087890625,2588.419921875,2576.77001953125,2581.929931640625,3568710000,0.0030970753849743904,2017-11-03
2017-11-06,2591.1298828125,2593.3798828125,2585.659912109375,2587.469970703125,3541970000,0.0012712512404724485,2017-11-06
2017-11-07,2590.639892578125,2597.02001953125,2584.35009765625,2592.110107421875,3815190000,-0.00018910292286977715,2017-11-07
2017-11-08,2594.3798828125,2595.469970703125,2585.02001953125,2588.7099609375,3898450000,0.001443655000098465,2017-11-08
2017-11-09,2584.6201171875,2586.5,2566.330078125,2584.0,3844100000,-0.003761887644002093,2017-11-09
2017-11-10,2582.300048828125,2583.81005859375,2575.570068359375,2580.179931640625,3489740000,-0.0008976438525517549,2017-11-10
2017-11-13,2584.840087890625,2587.659912109375,2574.47998046875,2576.530029296875,3405200000,0.0009836343625724275,2017-11-13
2017-11-14,2578.8701171875,2579.659912109375,2566.56005859375,2577.75,3643580000,-0.0023096092988857952,2017-11-14
2017-11-15,2564.6201171875,2572.840087890625,2557.449951171875,2569.449951171875,3586590000,-0.005525675723266343,2017-11-15
2017-11-16,2585.639892578125,2590.090087890625,2572.949951171875,2572.949951171875,3329730000,0.008196058063241196,2017-11-16
2017-11-17,2578.85009765625,2583.9599609375,2577.6201171875,2582.93994140625,3309800000,-0.0026259630899742037,2017-11-17
2017-11-20,2582.139892578125,2584.639892578125,2578.239990234375,2579.489990234375,3023940000,0.0012756828808564435,2017-11-20
2017-11-21,2599.030029296875,2601.18994140625,2589.169921875,2589.169921875,3351230000,0.006541139295859866,2017-11-21
2017-11-22,2597.080078125,2600.93994140625,2595.22998046875,2600.31005859375,2764110000,-0.0007502611166068096,2017-11-22
2017-11-24,2602.419921875,2604.2099609375,2600.419921875,2600.419921875,1385890000,0.0020560951489239088,2017-11-24
2017-11-27,2601.419921875,2606.409912109375,2598.8701171875,2602.659912109375,3017720000,-0.0003842577408796899,2017-11-27
2017-11-28,2627.0400390625,2627.68994140625,2605.43994140625,2605.93994140625,3493340000,0.00984851271879017,2017-11-28
2017-11-29,2626.070068359375,2634.889892578125,2620.320068359375,2627.820068359375,4090630000,-0.000369225702197995,2017-11-29
2017-11-30,2647.580078125,2657.739990234375,2633.929931640625,2633.929931640625,4965700000,0.008190950433802913,2017-11-30
2017-12-01,2642.219970703125,2650.6201171875,2605.52001953125,2645.10009765625,3950930000,-0.002024530803113933,2017-12-01
2017-12-04,2639.43994140625,2665.18994140625,2639.030029296875,2657.18994140625,4025840000,-0.0010521566439205543,2017-12-04
2017-12-05,2629.570068359375,2648.719970703125,2627.72998046875,2639.780029296875,3547570000,-0.0037393815604747083,2017-12-05
2017-12-06,2629.27001953125,2634.409912109375,2624.75,2626.239990234375,3253080000,-0.00011410565998426492,2017-12-06
2017-12-07,2636.97998046875,2640.989990234375,2626.530029296875,2628.3798828125,3297060000,0.0029323579853828274,2017-12-07
2017-12-08,2651.5,2651.64990234375,2644.10009765625,2646.2099609375,3126750000,0.005506306319651655,2017-12-08
2017-12-11,2659.989990234375,2660.330078125,2651.469970703125,2652.18994140625,3141480000,0.003201957471006933,2017-12-11
2017-12-12,2664.110107421875,2669.719970703125,2659.780029296875,2661.72998046875,3568910000,0.001548922064604108,2017-12-12
2017-12-13,2662.85009765625,2671.8798828125,2662.85009765625,2667.590087890625,3568360000,-0.0004729570906678582,2017-12-13
2017-12-14,2652.010009765625,2668.090087890625,2652.010009765625,2665.8701171875,3442760000,-0.004070859227173984,2017-12-14
2017-12-15,2675.81005859375,2679.6298828125,2659.139892578125,2660.6298828125,5736910000,0.008974343513216354,2017-12-15
2017-12-18,2690.159912109375,2694.969970703125,2685.919921875,2685.919921875,3727770000,0.005362807225250732,2017-12-18
2017-12-19,2681.469970703125,2694.43994140625,2680.739990234375,2692.7099609375,3407680000,-0.0032302694598687065,2017-12-19
2017-12-20,2679.25,2691.010009765625,2676.110107421875,2688.179931640625,3246230000,-0.0008278931807477186,2017-12-20
2017-12-21,2684.570068359375,2692.639892578125,2682.39990234375,2683.02001953125,3293130000,0.0019856558213586784,2017-12-21
2017-12-22,2683.340087890625,2685.35009765625,2678.1298828125,2684.219970703125,2401030000,-0.0004581666477052604,2017-12-22
2017-12-26,2680.5,2682.739990234375,2677.9599609375,2679.090087890625,1970660000,-0.0010584151831672939,2017-12-26
2017-12-27,2682.6201171875,2685.639892578125,2678.909912109375,2682.10009765625,2202900000,0.0007909409391904099,2017-12-27
2017-12-28,2687.5400390625,2687.659912109375,2682.68994140625,2686.10009765625,2174890000,0.0018339987251561052,2017-12-28
2017-12-29,2673.610107421875,2692.1201171875,2673.610107421875,2689.14990234375,2447760000,-0.005183153157965359,2017-12-29
2018-01-02,2695.81005859375,2695.889892578125,2682.360107421875,2683.72998046875,3397430000,0.008303361477520088,2018-01-02
2018-01-03,2713.06005859375,2714.3701171875,2697.77001953125,2697.85009765625,3544030000,0.006398818768781567,2018-01-03
2018-01-04,2723.989990234375,2729.2900390625,2719.070068359375,2719.31005859375,3697340000,0.004028636080503967,2018-01-04
2018-01-05,2743.14990234375,2743.449951171875,2727.919921875,2731.330078125,3239280000,0.007033767443369587,2018-01-05
2018-01-08,2747.7099609375,2748.510009765625,2737.60009765625,2742.669921875,3246160000,0.0016623439316436617,2018-01-08
2018-01-09,2751.2900390625,2759.139892578125,2747.860107421875,2751.14990234375,3467460000,0.0013029315960912946,2018-01-09
2018-01-10,2748.22998046875,2750.800048828125,2736.06005859375,2745.550048828125,3579900000,-0.0011122268282528491,2018-01-10
2018-01-11,2767.56005859375,2767.56005859375,2752.780029296875,2752.969970703125,3645690000,0.007033646478779465,2018-01-11
2018-01-12,2786.239990234375,2787.85009765625,2769.639892578125,2770.179931640625,3587220000,0.006749602987881076,2018-01-12
2018-01-16,2776.419921875,2807.5400390625,2768.639892578125,2798.9599609375,4362880000,-0.003524487622672101,2018-01-16
2018-01-17,2802.56005859375,2807.0400390625,2778.3798828125,2784.989990234375,3790340000,0.009415051560751175,2018-01-17
2018-01-18,2798.030029296875,2805.830078125,2792.56005859375,2802.39990234375,3703300000,-0.0016163897301626484,2018-01-18
2018-01-19,2810.300048828125,2810.330078125,2798.080078125,2802.60009765625,3724230000,0.004385235112838837,2018-01-19
2018-01-22,2832.969970703125,2833.030029296875,2808.1201171875,2809.159912109375,3489480000,0.008066726499347698,2018-01-22
2018-01-23,2839.1298828125,2842.239990234375,2830.590087890625,2835.050048828125,3541140000,0.0021743654797181655,2018-01-23
2018-01-24,2837.5400390625,2852.969970703125,2824.81005859375,2845.419921875,4079270000,-0.0005599757022828333,2018-01-24
2018-01-25,2839.25,2848.56005859375,2830.93994140625,2846.239990234375,3873100000,0.0006026209018938911,2018-01-25
2018-01-26,2872.8701171875,2872.8701171875,2846.179931640625,2847.47998046875,3474680000,0.011841196508761032,2018-01-26
2018-01-29,2853.530029296875,2870.6201171875,2851.47998046875,2867.22998046875,3587420000,-0.006731974332887192,2018-01-29
2018-01-30,2822.429931640625,2837.75,2818.27001953125,2832.739990234375,4012070000,-0.010898815620283941,2018-01-30
2018-01-31,2823.81005859375,2839.260009765625,2813.0400390625,2832.409912109375,4276270000,0.0004889853730833948,2018-01-31
2018-02-01,2821.97998046875,2835.9599609375,2812.699951171875,2816.449951171875,3977380000,-0.0006480882520516484,2018-02-01
2018-02-02,2762.1298828125,2808.919921875,2759.969970703125,2808.919921875,4340220000,-0.02120854792396809,2018-02-02
2018-02-05,2648.93994140625,2763.389892578125,2638.169921875,2741.06005859375,5310840000,-0.04097922480422822,2018-02-05
2018-02-06,2695.139892578125,2701.0400390625,2593.070068359375,2614.780029296875,5917350000,0.017440920592313836,2018-02-06
2018-02-07,2681.659912109375,2727.669921875,2681.330078125,2690.949951171875,4646300000,-0.005001588416939429,2018-02-07
2018-02-08,2581.0,2685.27001953125,2580.56005859375,2685.010009765625,5333840000,-0.03753641975808808,2018-02-08
2018-02-09,2619.550048828125,2638.669921875,2532.68994140625,2601.780029296875,5690110000,0.014936090208494734,2018-02-09
2018-02-12,2656.0,2672.610107421875,2622.449951171875,2636.75,4069220000,0.013914584754042503,2018-02-12
2018-02-13,2662.93994140625,2668.840087890625,2637.080078125,2646.27001953125,3503540000,0.0026129297463290957,2018-02-13
2018-02-14,2698.6298828125,2702.10009765625,2648.8701171875,2651.2099609375,4011940000,0.013402458257245842,2018-02-14
2018-02-15,2731.199951171875,2731.510009765625,2689.820068359375,2713.4599609375,3696140000,0.012069112762299383,2018-02-15
2018-02-16,2732.219970703125,2754.419921875,2725.110107421875,2727.139892578125,3646920000,0.0003734693722488025,2018-02-16
2018-02-20,2716.260009765625,2737.60009765625,2706.760009765625,2722.989990234375,3646920000,-0.005841389459353419,2018-02-20
2018-02-21,2701.330078125,2747.75,2701.2900390625,2720.530029296875,3789040000,-0.0054965031281792864,2018-02-21
2018-02-22,2703.9599609375,2731.260009765625,2697.77001953125,2710.419921875,3720620000,0.0009735510790762625,2018-02-22
2018-02-23,2747.300048828125,2747.760009765625,2713.739990234375,2715.800048828125,3200360000,0.01602837635051313,2018-02-23
2018-02-26,2779.60009765625,2780.639892578125,2753.780029296875,2757.3701171875,3436590000,0.011757015343810906,2018-02-26
2018-02-27,2744.280029296875,2789.14990234375,2744.219970703125,2780.449951171875,3752070000,-0.012706888443829278,2018-02-27
2018-02-28,2713.830078125,2761.52001953125,2713.5400390625,2753.780029296875,4244570000,-0.011095788639207016,2018-02-28
2018-03-01,2677.669921875,2730.889892578125,2659.64990234375,2715.219970703125,4514490000,-0.013324399541987275,2018-03-01
2018-03-02,2691.25,2696.25,2647.320068359375,2658.889892578125,3891250000,0.005071602744632031,2018-03-02
2018-03-05,2720.93994140625,2728.090087890625,2675.75,2681.06005859375,3733640000,0.011032026532745043,2018-03-05
2018-03-06,2728.1201171875,2732.080078125,2711.260009765625,2730.179931640625,3389030000,0.002638858606169414,2018-03-06
2018-03-07,2726.800048828125,2730.60009765625,2701.739990234375,2710.179931640625,3406690000,-0.00048387472056610203,2018-03-07
2018-03-08,2738.969970703125,2740.449951171875,2722.64990234375,2732.75,3206040000,0.004463078207817217,2018-03-08
2018-03-09,2786.570068359375,2786.570068359375,2751.5400390625,2752.909912109375,3376870000,0.01737883151892694,2018-03-09
2018-03-12,2783.02001953125,2796.97998046875,2779.260009765625,2790.5400390625,3216960000,-0.001273985129042532,2018-03-12
2018-03-13,2765.31005859375,2801.89990234375,2758.679931640625,2792.31005859375,3324290000,-0.006363576551088879,2018-03-13
2018-03-14,2749.47998046875,2777.110107421875,2744.3798828125,2774.06005859375,3394630000,-0.005724521948562322,2018-03-14
2018-03-15,2747.330078125,2763.030029296875,2741.469970703125,2754.27001953125,3543710000,-0.000781930531963182,2018-03-15
2018-03-16,2752.010009765625,2761.85009765625,2749.969970703125,2750.570068359375,5429140000,0.001703447167811456,2018-03-16
2018-03-19,2712.919921875,2741.3798828125,2694.590087890625,2741.3798828125,3327460000,-0.014204195388793028,2018-03-19
2018-03-20,2716.93994140625,2724.219970703125,2710.050048828125,2715.050048828125,3272590000,0.0014818054520648882,2018-03-20
2018-03-21,2711.929931640625,2739.139892578125,2709.7900390625,2714.989990234375,3434780000,-0.0018439898833508828,2018-03-21
2018-03-22,2643.68994140625,2695.679931640625,2641.590087890625,2691.360107421875,3765460000,-0.025162888405856454,2018-03-22
2018-03-23,2588.260009765625,2657.669921875,2585.889892578125,2646.7099609375,3829380000,-0.02096688071186603,2018-03-23
2018-03-26,2658.550048828125,2661.360107421875,2601.81005859375,2619.35009765625,3538080000,0.02715725576151251,2018-03-26
2018-03-27,2612.6201171875,2674.780029296875,2596.1201171875,2667.570068359375,3761320000,-0.017276308813847896,2018-03-27
2018-03-28,2605.0,2632.64990234375,2593.06005859375,2611.300048828125,3875720000,-0.00291665716625622,2018-03-28
2018-03-29,2640.8701171875,2659.070068359375,2609.719970703125,2614.409912109375,3572360000,0.013769718690019195,2018-03-29
2018-04-02,2581.8798828125,2638.300048828125,2553.800048828125,2633.449951171875,3635780000,-0.022337423560165104,2018-04-02
2018-04-03,2614.449951171875,2619.139892578125,2575.489990234375,2592.169921875,3395840000,0.012614865848792123,2018-04-03
2018-04-04,2644.68994140625,2649.860107421875,2573.610107421875,2584.0400390625,3369230000,0.01156648273982852,2018-04-04
2018-04-05,2662.840087890625,2672.080078125,2649.580078125,2657.360107421875,3230430000,0.0068628636575538415,2018-04-05
2018-04-06,2604.469970703125,2656.8798828125,2586.27001953125,2645.820068359375,3312390000,-0.021920248779842444,2018-04-06
2018-04-09,2613.159912109375,2653.550048828125,2610.7900390625,2617.179931640625,3076140000,0.0033365488963206236,2018-04-09
2018-04-10,2656.8701171875,2665.449951171875,2635.780029296875,2638.409912109375,3579130000,0.0167269537832615,2018-04-10
2018-04-11,2642.18994140625,2661.429931640625,2639.25,2643.889892578125,3054520000,-0.005525364482924067,2018-04-11
2018-04-12,2663.989990234375,2674.719970703125,2653.830078125,2653.830078125,3045330000,0.008250750063987677,2018-04-12
2018-04-13,2656.300048828125,2680.260009765625,2645.050048828125,2676.89990234375,2988540000,-0.0028866254882486952,2018-04-13
2018-04-16,2677.840087890625,2686.489990234375,2665.159912109375,2670.10009765625,3020740000,0.008109038386684864,2018-04-16
2018-04-17,2706.389892578125,2713.340087890625,2692.050048828125,2692.739990234375,3286190000,0.010661504701720004,2018-04-17
2018-04-18,2708.639892578125,2717.489990234375,2703.6298828125,2710.110107421875,3412030000,0.0008313658006817715,2018-04-18
2018-04-19,2693.1298828125,2702.840087890625,2681.89990234375,2701.159912109375,3375120000,-0.005726124690152989,2018-04-19
2018-04-20,2670.139892578125,2693.93994140625,2660.610107421875,2692.56005859375,3428260000,-0.00853653230061302,2018-04-20
2018-04-23,2670.2900390625,2682.860107421875,2657.989990234375,2675.39990234375,3030390000,5.623169212687351e-05,2018-04-23
2018-04-24,2634.56005859375,2683.550048828125,2617.320068359375,2680.800048828125,3716020000,-0.01338056164164636,2018-04-24
2018-04-25,2639.39990234375,2645.300048828125,2612.669921875,2634.919921875,3563680000,0.001837059563023713,2018-04-25
2018-04-26,2666.93994140625,2676.47998046875,2647.159912109375,2651.64990234375,3690920000,0.010434204774367295,2018-04-26
2018-04-27,2669.909912109375,2677.35009765625,2659.010009765625,2675.469970703125,3234510000,0.0011136248915897262,2018-04-27
2018-04-30,2648.050048828125,2682.8701171875,2648.0400390625,2682.510009765625,3749510000,-0.008187490964434607,2018-04-30
2018-05-01,2654.800048828125,2655.27001953125,2625.409912109375,2642.9599609375,3562820000,0.0025490454770622506,2018-05-01
2018-05-02,2635.669921875,2660.8701171875,2631.699951171875,2654.239990234375,4047020000,-0.007205863568357729,2018-05-02
2018-05-03,2629.72998046875,2637.139892578125,2594.6201171875,2628.080078125,3867530000,-0.0022536742393085563,2018-05-03
2018-05-04,2663.419921875,2670.929931640625,2615.320068359375,2621.449951171875,3335260000,0.012811178963797909,2018-05-04
2018-05-07,2672.6298828125,2683.35009765625,2664.699951171875,2680.340087890625,3266810000,0.0034579455015175675,2018-05-07
2018-05-08,2671.919921875,2676.340087890625,2655.199951171875,2670.260009765625,3745100000,-0.0002656413228280252,2018-05-08
2018-05-09,2697.7900390625,2701.27001953125,2674.139892578125,2678.1201171875,3913650000,0.009682220255068819,2018-05-09
2018-05-10,2723.070068359375,2726.110107421875,2704.5400390625,2705.02001953125,3380640000,0.009370643723504823,2018-05-10
2018-05-11,2727.719970703125,2732.860107421875,2717.449951171875,2722.699951171875,2874850000,0.0017075955546570487,2018-05-11
2018-05-14,2730.1298828125,2742.10009765625,2725.469970703125,2738.469970703125,2994360000,0.0008834895573073265,2018-05-14
2018-05-15,2711.449951171875,2718.590087890625,2701.909912109375,2718.590087890625,3291190000,-0.006842140279927467,2018-05-15
2018-05-16,2722.4599609375,2727.760009765625,2712.169921875,2712.6201171875,3248480000,0.004060561678767671,2018-05-16
2018-05-17,2720.1298828125,2731.9599609375,2711.360107421875,2719.7099609375,3478150000,-0.0008558723207806596,2018-05-17
2018-05-18,2712.969970703125,2719.5,2709.179931640625,2717.35009765625,3383270000,-0.00263219493841671,2018-05-18
2018-05-21,2733.010009765625,2739.18994140625,2725.699951171875,2735.389892578125,3053480000,0.007386752997235124,2018-05-21
2018-05-22,2724.43994140625,2742.239990234375,2721.8798828125,2738.340087890625,3384140000,-0.0031357617896576873,2018-05-22
2018-05-23,2733.2900390625,2733.330078125,2709.5400390625,2713.97998046875,3333160000,0.0032484098921563564,2018-05-23
2018-05-24,2727.760009765625,2731.969970703125,2707.3798828125,2730.93994140625,3285750000,-0.002023213496498033,2018-05-24
2018-05-25,2721.330078125,2727.360107421875,2714.989990234375,2723.60009765625,3015260000,-0.0023572204364039617,2018-05-25
2018-05-29,2689.860107421875,2710.669921875,2676.81005859375,2705.110107421875,3743310000,-0.011564187290653005,2018-05-29
2018-05-30,2724.010009765625,2729.340087890625,2702.429931640625,2702.429931640625,3566490000,0.012695791223314323,2018-05-30
2018-05-31,2705.27001953125,2722.5,2700.679931640625,2720.97998046875,4241100000,-0.006879559974886984,2018-05-31
2018-06-01,2734.6201171875,2736.929931640625,2718.699951171875,2718.699951171875,3694310000,0.010849230370481022,2018-06-01
2018-06-04,2746.8701171875,2749.159912109375,2740.5400390625,2741.669921875,3410090000,0.004479598435997323,2018-06-04
2018-06-05,2748.800048828125,2752.610107421875,2739.510009765625,2748.4599609375,3523550000,0.0007025929724704394,2018-06-05
2018-06-06,2772.35009765625,2772.389892578125,2748.4599609375,2753.25,3662780000,0.008567392465728796,2018-06-06
2018-06-07,2770.3701171875,2779.89990234375,2760.159912109375,2774.840087890625,3742080000,-0.0007141884679080501,2018-06-07
2018-06-08,2779.030029296875,2779.389892578125,2763.590087890625,2765.840087890625,3138850000,0.0031259043893263616,2018-06-08
2018-06-11,2782.0,2790.2099609375,2780.169921875,2780.179931640625,3262130000,0.001068707668436586,2018-06-11
2018-06-12,2786.85009765625,2789.800048828125,2778.780029296875,2785.60009765625,3435700000,0.0017433852107295866,2018-06-12
2018-06-13,2775.6298828125,2791.469970703125,2774.64990234375,2787.93994140625,3820770000,-0.004026127868587581,2018-06-13
2018-06-14,2782.489990234375,2789.06005859375,2776.52001953125,2783.2099609375,3540930000,0.002471549778432225,2018-06-14
2018-06-15,2779.659912109375,2782.81005859375,2761.72998046875,2777.780029296875,5451990000,-0.001017102715529128,2018-06-15
2018-06-18,2773.75,2774.989990234375,2757.1201171875,2765.7900390625,3316120000,-0.0021261277624751163,2018-06-18
2018-06-19,2762.590087890625,2765.050048828125,2743.18994140625,2752.010009765625,3671160000,-0.004023402292699374,2018-06-19
2018-06-20,2767.320068359375,2774.860107421875,2763.909912109375,2769.72998046875,3332140000,0.0017121542893689945,2018-06-20
2018-06-21,2749.760009765625,2769.280029296875,2744.389892578125,2769.280029296875,3336580000,-0.006345510515579966,2018-06-21
2018-06-22,2754.8798828125,2764.169921875,2752.679931640625,2760.7900390625,5468110000,0.0018619345065358228,2018-06-22
2018-06-25,2717.070068359375,2742.93994140625,2698.669921875,2742.93994140625,3663280000,-0.013724668973416176,2018-06-25
2018-06-26,2723.06005859375,2732.909912109375,2715.60009765625,2722.1201171875,3568900000,0.0022045770199778936,2018-06-26
2018-06-27,2699.6298828125,2746.090087890625,2699.3798828125,2728.449951171875,3803990000,-0.008604355128821406,2018-06-27
2018-06-28,2716.31005859375,2724.340087890625,2691.989990234375,2698.68994140625,3461100000,0.00617868985946779,2018-06-28
2018-06-29,2718.3701171875,2743.260009765625,2718.030029296875,2727.1298828125,3586800000,0.0007584033300001014,2018-06-29
2018-07-02,2726.7099609375,2727.260009765625,2698.949951171875,2704.949951171875,3095040000,0.003067957412152822,2018-07-02
2018-07-03,2713.219970703125,2736.580078125,2711.159912109375,2733.27001953125,1911460000,-0.00494735062681062,2018-07-03
2018-07-05,2736.610107421875,2737.830078125,2716.02001953125,2724.18994140625,2980160000,0.008620803683929923,2018-07-05
2018-07-06,2759.820068359375,2764.409912109375,2733.52001953125,2737.679931640625,2590250000,0.008481281595267509,2018-07-06
2018-07-09,2784.169921875,2784.64990234375,2770.72998046875,2775.6201171875,3070060000,0.008822985887663393,2018-07-09
2018-07-10,2793.840087890625,2795.580078125,2786.239990234375,2788.56005859375,3080140000,0.003473267180873929,2018-07-10
2018-07-11,2774.02001953125,2785.909912109375,2770.77001953125,2779.820068359375,2986180000,-0.007094202866256172,2018-07-11
2018-07-12,2798.2900390625,2799.219970703125,2781.530029296875,2783.139892578125,2834230000,0.008749042674663476,2018-07-12
2018-07-13,2801.31005859375,2804.530029296875,2791.68994140625,2796.929931640625,2619790000,0.0010792374947172778,2018-07-13
2018-07-16,2798.429931640625,2801.18994140625,2793.389892578125,2797.360107421875,2819860000,-0.001028135726814483,2018-07-16
2018-07-17,2809.550048828125,2814.18994140625,2789.239990234375,2789.340087890625,3064920000,0.00397369863071062,2018-07-17
2018-07-18,2815.6201171875,2816.760009765625,2805.889892578125,2811.35009765625,3111560000,0.0021605126279586884,2018-07-18
2018-07-19,2804.489990234375,2812.050048828125,2799.77001953125,2809.3701171875,3278360000,-0.003952993120479142,2018-07-19
2018-07-20,2801.830078125,2809.699951171875,2800.010009765625,2804.550048828125,3243250000,-0.0009484477101494582,2018-07-20
2018-07-23,2806.97998046875,2808.610107421875,2795.139892578125,2799.169921875,2928490000,0.0018380494891383492,2018-07-23
2018-07-24,2820.39990234375,2829.989990234375,2811.1201171875,2820.679931640625,3430410000,0.004780911145920941,2018-07-24
2018-07-25,2846.070068359375,2848.030029296875,2817.72998046875,2817.72998046875,3584400000,0.009101605057599604,2018-07-25
2018-07-26,2837.43994140625,2845.570068359375,2835.260009765625,2835.489990234375,3667290000,-0.0030322960242857855,2018-07-26
2018-07-27,2818.820068359375,2843.169921875,2808.340087890625,2842.35009765625,3434370000,-0.00656220869212365,2018-07-27
2018-07-30,2802.60009765625,2821.739990234375,2798.110107421875,2819.0,3261190000,-0.005754170294581917,2018-07-30
2018-07-31,2816.2900390625,2824.4599609375,2808.06005859375,2809.72998046875,3906890000,0.004884728797982518,2018-07-31
2018-08-01,2813.360107421875,2825.830078125,2805.85009765625,2821.169921875,3501350000,-0.0010403515262938923,2018-08-01
2018-08-02,2827.219970703125,2829.909912109375,2796.340087890625,2800.47998046875,3501380000,0.004926444803381669,2018-08-02
2018-08-03,2840.35009765625,2840.3798828125,2827.3701171875,2829.6201171875,3043690000,0.004644183009877123,2018-08-03
2018-08-06,2850.39990234375,2853.2900390625,2835.97998046875,2840.2900390625,2879020000,0.003538227451535869,2018-08-06
2018-08-07,2858.449951171875,2863.429931640625,2855.919921875,2855.919921875,3185440000,0.0028241822564987196,2018-08-07
2018-08-08,2857.699951171875,2862.43994140625,2853.090087890625,2856.7900390625,2978070000,-0.0002623799656497061,2018-08-08
2018-08-09,2853.580078125,2862.47998046875,2851.97998046875,2857.18994140625,3066180000,-0.0014416744645237012,2018-08-09
2018-08-10,2833.280029296875,2842.199951171875,2825.81005859375,2838.89990234375,3265590000,-0.007113887913551609,2018-08-10
2018-08-13,2821.929931640625,2843.39990234375,2819.8798828125,2835.4599609375,3173630000,-0.004005992185342366,2018-08-13
2018-08-14,2839.9599609375,2843.110107421875,2826.580078125,2827.8798828125,2986500000,0.006389254777276809,2018-08-14
2018-08-15,2818.3701171875,2827.949951171875,2802.489990234375,2827.949951171875,3656680000,-0.007602164835758152,2018-08-15
2018-08-16,2840.68994140625,2850.489990234375,2831.43994140625,2831.43994140625,3232000000,0.007919408484583057,2018-08-16
2018-08-17,2850.1298828125,2855.6298828125,2833.72998046875,2838.320068359375,3037640000,0.0033231157222237684,2018-08-17
2018-08-20,2857.050048828125,2859.760009765625,2850.6201171875,2853.929931640625,2757150000,0.0024280177746833775,2018-08-20
2018-08-21,2862.9599609375,2873.22998046875,2861.320068359375,2861.510009765625,3174010000,0.0020685364303643095,2018-08-21
2018-08-22,2861.820068359375,2867.5400390625,2856.050048828125,2860.989990234375,2701250000,-0.0003981517707819515,2018-08-22
2018-08-23,2856.97998046875,2868.780029296875,2854.030029296875,2860.2900390625,2724450000,-0.0016912621251551352,2018-08-23
2018-08-24,2874.68994140625,2876.159912109375,2862.35009765625,2862.35009765625,2603010000,0.006198839704363079,2018-08-24
2018-08-27,2896.739990234375,2898.25,2884.68994140625,2884.68994140625,2865070000,0.007670409427647185,2018-08-27
2018-08-28,2897.52001953125,2903.77001953125,2893.5,2901.449951171875,2687770000,0.00026927832649970007,2018-08-28
2018-08-29,2914.0400390625,2916.5,2898.39990234375,2900.6201171875,2805520000,0.005701434129840033,2018-08-29
2018-08-30,2901.1298828125,2912.4599609375,2895.219970703125,2908.93994140625,2810450000,-0.004430329054144866,2018-08-30
2018-08-31,2901.52001953125,2906.320068359375,2891.72998046875,2898.3701171875,2887220000,0.00013447750859452157,2018-08-31
2018-09-04,2896.719970703125,2900.179931640625,2885.1298828125,2896.9599609375,3087420000,-0.0016543221469484948,2018-09-04
2018-09-05,2888.60009765625,2894.2099609375,2876.919921875,2891.590087890625,3248780000,-0.002803126684318036,2018-09-05
2018-09-06,2878.050048828125,2892.050048828125,2867.2900390625,2888.639892578125,3144240000,-0.0036523050860121087,2018-09-06
2018-09-07,2871.679931640625,2883.81005859375,2864.1201171875,2868.260009765625,2976580000,-0.002213344827027508,2018-09-07
2018-09-10,2877.1298828125,2886.929931640625,2875.93994140625,2881.389892578125,2751100000,0.0018978268127400888,2018-09-10
2018-09-11,2887.889892578125,2892.52001953125,2866.780029296875,2871.570068359375,2904500000,0.003739841510076891,2018-09-11
2018-09-12,2888.919921875,2894.64990234375,2879.199951171875,2888.2900390625,3341280000,0.00035667194221011833,2018-09-12
2018-09-13,2904.179931640625,2906.760009765625,2896.389892578125,2896.85009765625,3274090000,0.005282254329749936,2018-09-13
2018-09-14,2904.97998046875,2908.300048828125,2895.77001953125,2906.3798828125,3179410000,0.00027548183892078804,2018-09-14
2018-09-17,2888.800048828125,2904.64990234375,2886.159912109375,2903.830078125,2967980000,-0.005569722252617426,2018-09-17
2018-09-18,2904.31005859375,2911.169921875,2890.429931640625,2890.739990234375,3091190000,0.005369014643958003,2018-09-18
2018-09-19,2907.949951171875,2912.360107421875,2903.820068359375,2906.60009765625,3302460000,0.0012532727238796504,2018-09-19
2018-09-20,2930.75,2934.800048828125,2919.72998046875,2919.72998046875,3406520000,0.007840591898404803,2018-09-20
2018-09-21,2929.669921875,2940.909912109375,2927.110107421875,2936.760009765625,5652470000,-0.00036853301202766087,2018-09-21
2018-09-24,2919.3701171875,2923.7900390625,2912.6298828125,2921.830078125,3392030000,-0.0035156877607932513,2018-09-24
2018-09-25,2915.56005859375,2923.949951171875,2913.699951171875,2921.75,3330880000,-0.0013050961134796202,2018-09-25
2018-09-26,2905.969970703125,2931.14990234375,2903.280029296875,2916.97998046875,3417540000,-0.003289278113945082,2018-09-26
2018-09-27,2914.0,2927.219970703125,2909.27001953125,2911.64990234375,3101360000,0.0027632870875580196,2018-09-27
2018-09-28,2913.97998046875,2920.530029296875,2907.5,2910.030029296875,3461680000,-6.870120538793323e-06,2018-09-28
2018-10-01,2924.590087890625,2937.06005859375,2917.909912109375,2926.2900390625,3375890000,0.003641105118425747,2018-10-01
2018-10-02,2923.429931640625,2931.419921875,2919.3701171875,2923.800048828125,3432620000,-0.0003966902079042267,2018-10-02
2018-10-03,2925.510009765625,2939.860107421875,2921.360107421875,2931.68994140625,3625510000,0.0007115197468861023,2018-10-03
2018-10-04,2901.610107421875,2919.780029296875,2883.919921875,2919.35009765625,3510370000,-0.008169482334351885,2018-10-04
2018-10-05,2885.570068359375,2909.639892578125,2869.2900390625,2902.5400390625,3340820000,-0.005527978766503461,2018-10-05
2018-10-08,2884.429931640625,2889.449951171875,2862.080078125,2877.530029296875,3381820000,-0.00039511662920677093,2018-10-08
2018-10-09,2880.340087890625,2894.830078125,2874.27001953125,2882.510009765625,3531690000,-0.0014179036575431292,2018-10-09
2018-10-10,2785.679931640625,2874.02001953125,2784.860107421875,2873.89990234375,4554260000,-0.0328642290012785,2018-10-10
2018-10-11,2728.3701171875,2795.139892578125,2710.510009765625,2776.8701171875,4914090000,-0.02057300761734404,2018-10-11
2018-10-12,2767.1298828125,2775.77001953125,2729.43994140625,2770.5400390625,4024010000,0.014206197825152422,2018-10-12
2018-10-15,2750.7900390625,2775.989990234375,2749.030029296875,2763.830078125,3327160000,-0.005904978964482943,2018-10-15
2018-10-16,2809.919921875,2813.4599609375,2766.909912109375,2767.050048828125,3460260000,0.02149560016316343,2018-10-16
2018-10-17,2809.2099609375,2816.93994140625,2781.81005859375,2811.669921875,3347090000,-0.00025266233815879335,2018-10-17
2018-10-18,2768.780029296875,2806.0400390625,2755.179931640625,2802.0,3639300000,-0.014391922356395415,2018-10-18
2018-10-19,2767.780029296875,2797.77001953125,2760.27001953125,2775.659912109375,3593940000,-0.00036116989772350117,2018-10-19
2018-10-22,2755.8798828125,2778.93994140625,2749.219970703125,2773.93994140625,3331270000,-0.004299527548581317,2018-10-22
2018-10-23,2740.68994140625,2753.590087890625,2691.429931640625,2721.030029296875,4373710000,-0.005511829997012829,2018-10-23
2018-10-24,2656.10009765625,2742.590087890625,2651.889892578125,2737.8701171875,4738670000,-0.030864433977743855,2018-10-24
2018-10-25,2705.570068359375,2722.699951171875,2667.840087890625,2674.8798828125,4663930000,0.018625040052811848,2018-10-25
2018-10-26,2658.68994140625,2692.3798828125,2628.159912109375,2667.860107421875,4804330000,-0.017327264039978307,2018-10-26
2018-10-29,2641.25,2706.85009765625,2603.5400390625,2682.64990234375,4701260000,-0.0065595995737004476,2018-10-29
2018-10-30,2682.6298828125,2685.429931640625,2635.340087890625,2640.679931640625,5125600000,0.015666780052058682,2018-10-30
2018-10-31,2711.739990234375,2736.68994140625,2705.60009765625,2705.60009765625,5133380000,0.010851331974038647,2018-10-31
2018-11-01,2740.3701171875,2741.669921875,2708.85009765625,2717.580078125,4730250000,0.010557843693063784,2018-11-01
2018-11-02,2723.06005859375,2756.550048828125,2700.43994140625,2745.449951171875,4261230000,-0.0063166863793988615,2018-11-02
2018-11-05,2738.31005859375,2744.27001953125,2717.93994140625,2726.3701171875,3650910000,0.005600317169601965,2018-11-05
2018-11-06,2755.449951171875,2756.820068359375,2737.080078125,2738.39990234375,3543800000,0.006259295774170726,2018-11-06
2018-11-07,2813.889892578125,2815.14990234375,2774.1298828125,2774.1298828125,3929080000,0.021208856064105275,2018-11-07
2018-11-08,2806.830078125,2814.75,2794.989990234375,2806.3798828125,3673550000,-0.0025089163835961825,2018-11-08
2018-11-09,2781.010009765625,2794.10009765625,2764.239990234375,2794.10009765625,4029030000,-0.00919901370610332,2018-11-09
2018-11-12,2726.219970703125,2775.989990234375,2722.0,2773.929931640625,3701570000,-0.01970148934024063,2018-11-12
2018-11-13,2722.179931640625,2754.60009765625,2714.97998046875,2730.050048828125,4112820000,-0.0014819196931705747,2018-11-13
2018-11-14,2701.580078125,2746.800048828125,2685.75,2737.89990234375,4449060000,-0.007567410690302756,2018-11-14
2018-11-15,2730.199951171875,2735.3798828125,2670.75,2693.52001953125,4204960000,0.010593753366266334,2018-11-15
2018-11-16,2736.27001953125,2746.75,2712.159912109375,2718.5400390625,3996970000,0.0022233054237545957,2018-11-16
2018-11-19,2690.72998046875,2733.159912109375,2681.090087890625,2730.739990234375,3806940000,-0.01664310858849427,2018-11-19
2018-11-20,2641.889892578125,2669.43994140625,2631.52001953125,2654.60009765625,4370820000,-0.01815124083246611,2018-11-20
2018-11-21,2649.929931640625,2670.72998046875,2649.820068359375,2657.739990234375,3237400000,0.0030432907461763747,2018-11-21
2018-11-23,2632.56005859375,2647.550048828125,2631.090087890625,2633.360107421875,1651680000,-0.006554842390161242,2018-11-23
2018-11-26,2673.449951171875,2674.35009765625,2649.969970703125,2649.969970703125,3523520000,0.0155323683669224,2018-11-26
2018-11-27,2682.169921875,2682.530029296875,2655.889892578125,2663.75,3494380000,0.003261692144003847,2018-11-27
2018-11-28,2743.7900390625,2744.0,2684.3798828125,2691.449951171875,3984540000,0.022973979644221654,2018-11-28
2018-11-29,2737.800048828125,2753.75,2722.93994140625,2736.969970703125,3599200000,-0.0021831080910337253,2018-11-29
2018-11-30,2760.169921875,2760.8798828125,2732.760009765625,2737.760009765625,4668310000,0.008170747552017188,2018-11-30
2018-12-03,2790.3701171875,2800.179931640625,2773.3798828125,2790.5,4221580000,0.010941426132194287,2018-12-03
2018-12-04,2700.06005859375,2785.929931640625,2697.179931640625,2782.429931640625,4515710000,-0.03236490314939877,2018-12-04
2018-12-06,2695.949951171875,2696.14990234375,2621.530029296875,2663.510009765625,5180430000,-0.0015222281477752508,2018-12-06
2018-12-07,2633.080078125,2708.5400390625,2623.139892578125,2691.260009765625,4242240000,-0.023320118765389863,2018-12-07
2018-12-10,2637.719970703125,2647.510009765625,2583.22998046875,2630.860107421875,4162880000,0.0017621539947350051,2018-12-10
2018-12-11,2636.780029296875,2674.35009765625,2621.300048828125,2664.43994140625,3963440000,-0.00035634616892232795,2018-12-11
2018-12-12,2651.070068359375,2685.43994140625,2650.260009765625,2658.22998046875,4029300000,0.005419503676349802,2018-12-12
2018-12-13,2650.5400390625,2670.18994140625,2637.27001953125,2658.699951171875,3978340000,-0.00019993032368359476,2018-12-13
2018-12-14,2599.949951171875,2635.070068359375,2593.840087890625,2629.679931640625,4064370000,-0.019086709555430348,2018-12-14
2018-12-17,2545.93994140625,2601.1298828125,2530.5400390625,2590.75,4661420000,-0.020773480559224233,2018-12-17
2018-12-18,2546.159912109375,2573.989990234375,2528.7099609375,2559.89990234375,4519190000,8.640058610476231e-05,2018-12-18
2018-12-19,2506.9599609375,2585.2900390625,2488.9599609375,2547.050048828125,5152830000,-0.01539571453679811,2018-12-19
2018-12-20,2467.419921875,2509.6298828125,2441.179931640625,2496.77001953125,5619780000,-0.01577210632742365,2018-12-20
2018-12-21,2416.6201171875,2504.409912109375,2408.550048828125,2465.3798828125,7657890000,-0.020588228309714296,2018-12-21
2018-12-24,2351.10009765625,2410.340087890625,2351.10009765625,2400.56005859375,2613670000,-0.027112254452099527,2018-12-24
2018-12-26,2467.699951171875,2467.760009765625,2346.580078125,2363.1201171875,4249740000,0.04959374278953943,2018-12-26
2018-12-27,2488.830078125,2489.10009765625,2397.93994140625,2442.5,4139010000,0.008562680784222065,2018-12-27
2018-12-28,2485.739990234375,2520.27001953125,2472.889892578125,2498.77001953125,3728440000,-0.0012415825080966947,2018-12-28
2018-12-31,2506.85009765625,2509.239990234375,2482.820068359375,2498.93994140625,3461920000,0.00849248413140935,2018-12-31
2019-01-02,2510.030029296875,2519.489990234375,2467.469970703125,2476.9599609375,3733160000,0.0012684969251244294,2019-01-02
2019-01-03,2447.889892578125,2493.139892578125,2443.9599609375,2491.919921875,3858830000,-0.02475673039503723,2019-01-03
2019-01-04,2531.93994140625,2538.070068359375,2474.330078125,2474.330078125,4234140000,0.03433571464262353,2019-01-04
2019-01-07,2549.68994140625,2566.159912109375,2524.56005859375,2535.610107421875,4133120000,0.007010434848680358,2019-01-07
2019-01-08,2574.409912109375,2579.820068359375,2547.56005859375,2568.110107421875,4120060000,0.009695285023358924,2019-01-08
2019-01-09,2584.9599609375,2595.320068359375,2568.889892578125,2580.0,4088740000,0.004098045450532162,2019-01-09
2019-01-10,2596.639892578125,2597.820068359375,2562.02001953125,2573.510009765625,3721300000,0.004518418782931244,2019-01-10
2019-01-11,2596.260009765625,2596.27001953125,2577.39990234375,2588.110107421875,3447460000,-0.00014629784190933748,2019-01-11
2019-01-14,2582.610107421875,2589.320068359375,2570.409912109375,2580.31005859375,3689370000,-0.005257525167898014,2019-01-14
2019-01-15,2610.300048828125,2613.080078125,2585.10009765625,2585.10009765625,3601180000,0.010721688622945758,2019-01-15
2019-01-16,2616.10009765625,2625.760009765625,2612.679931640625,2614.75,3882180000,0.0022219854881162515,2019-01-16
2019-01-17,2635.9599609375,2645.06005859375,2606.360107421875,2609.280029296875,3802410000,0.0075914003822110665,2019-01-17
2019-01-18,2670.7099609375,2675.469970703125,2647.580078125,2651.27001953125,4009010000,0.01318305304897005,2019-01-18
2019-01-22,2632.89990234375,2657.8798828125,2617.27001953125,2657.8798828125,3923950000,-0.014157306164566674,2019-01-22
2019-01-23,2638.699951171875,2653.18994140625,2612.860107421875,2643.47998046875,3358770000,0.0022029127742235755,2019-01-23
2019-01-24,2642.330078125,2647.199951171875,2627.010009765625,2638.840087890625,3449230000,0.0013757255543636049,2019-01-24
2019-01-25,2664.760009765625,2672.3798828125,2657.330078125,2657.43994140625,3821000000,0.008488694060713842,2019-01-25
2019-01-28,2643.85009765625,2644.969970703125,2624.06005859375,2644.969970703125,3630820000,-0.007846827493937836,2019-01-28
2019-01-29,2640.0,2650.929931640625,2631.050048828125,2644.889892578125,3518070000,-0.0014562465775435074,2019-01-29
2019-01-30,2681.050048828125,2690.43994140625,2648.340087890625,2653.6201171875,3883270000,0.01554926091974429,2019-01-30
2019-01-31,2704.10009765625,2708.949951171875,2678.64990234375,2685.489990234375,4953800000,0.008597395948725328,2019-01-31
2019-02-01,2706.530029296875,2716.659912109375,2696.8798828125,2702.320068359375,3782490000,0.0008986100931438479,2019-02-01
2019-02-04,2724.8701171875,2724.989990234375,2698.75,2706.489990234375,3369450000,0.006776236617404008,2019-02-04
2019-02-05,2737.699951171875,2738.97998046875,2724.030029296875,2728.340087890625,3597620000,0.00470842037697472,2019-02-05
2019-02-06,2731.610107421875,2738.080078125,2724.14990234375,2735.050048828125,3486590000,-0.0022244379802809355,2019-02-06
2019-02-07,2706.050048828125,2719.320068359375,2687.260009765625,2717.530029296875,4114040000,-0.009357140143940179,2019-02-07
2019-02-08,2707.8798828125,2708.070068359375,2681.830078125,2692.360107421875,3649510000,0.0006762010869560964,2019-02-08
2019-02-11,2709.800048828125,2718.050048828125,2703.7900390625,2712.39990234375,3395330000,0.0007091030986317026,2019-02-11
2019-02-12,2744.72998046875,2748.18994140625,2722.610107421875,2722.610107421875,3843020000,0.0128902247439735,2019-02-12
2019-02-13,2753.030029296875,2761.85009765625,2748.6298828125,2750.300048828125,3684910000,0.003023994668760688,2019-02-13
2019-02-14,2745.72998046875,2757.89990234375,2731.22998046875,2743.5,3845390000,-0.002651641555101225,2019-02-14
2019-02-15,2775.60009765625,2775.659912109375,2760.239990234375,2760.239990234375,3648680000,0.01087875260858695,2019-02-15
2019-02-19,2779.760009765625,2787.330078125,2767.2900390625,2769.280029296875,3535270000,0.0014987433214488366,2019-02-19
2019-02-20,2784.699951171875,2789.8798828125,2774.06005859375,2779.050048828125,3904830000,0.0017771107537685182,2019-02-20
2019-02-21,2774.8798828125,2781.580078125,2764.550048828125,2780.239990234375,3598260000,-0.003526436790880272,2019-02-21
2019-02-22,2792.669921875,2794.199951171875,2779.110107421875,2780.669921875,3429350000,0.006411102394986878,2019-02-22
2019-02-25,2796.110107421875,2813.489990234375,2794.989990234375,2804.35009765625,3860260000,0.0012318625699112573,2019-02-25
2019-02-26,2793.89990234375,2803.1201171875,2789.469970703125,2792.360107421875,3676200000,-0.0007904570968998437,2019-02-26
2019-02-27,2792.3798828125,2795.760009765625,2775.1298828125,2787.5,3771790000,-0.0005440493877303387,2019-02-27
2019-02-28,2784.489990234375,2793.72998046875,2782.510009765625,2788.110107421875,4445780000,-0.0028255083152146643,2019-02-28
2019-03-01,2803.68994140625,2808.02001953125,2787.3798828125,2798.219970703125,3994950000,0.00689532059343434,2019-03-01
2019-03-04,2792.81005859375,2816.8798828125,2767.659912109375,2814.3701171875,3949730000,-0.003880558492514008,2019-03-04
2019-03-05,2789.64990234375,2796.43994140625,2782.969970703125,2794.409912109375,3631380000,-0.001131532823106185,2019-03-05
2019-03-06,2771.449951171875,2790.27001953125,2768.68994140625,2790.27001953125,3800180000,-0.006524098653592381,2019-03-06
2019-03-07,2748.929931640625,2767.25,2739.090087890625,2766.530029296875,3932150000,-0.00812571755868352,2019-03-07
2019-03-08,2743.070068359375,2744.1298828125,2722.27001953125,2730.7900390625,3424300000,-0.0021316888487414865,2019-03-08
2019-03-11,2783.300048828125,2784.0,2747.610107421875,2747.610107421875,3764850000,0.014666041867757107,2019-03-11
2019-03-12,2791.52001953125,2798.320068359375,2786.72998046875,2787.340087890625,3432340000,0.0029533182046204143,2019-03-12
2019-03-13,2810.919921875,2821.239990234375,2799.780029296875,2799.780029296875,3782250000,0.006949583813841809,2019-03-13
2019-03-14,2808.47998046875,2815.0,2803.4599609375,2810.3798828125,3505670000,-0.0008680223820187738,2019-03-14
2019-03-15,2822.47998046875,2830.72998046875,2810.7900390625,2810.7900390625,5969780000,0.00498490290027398,2019-03-15
2019-03-18,2832.93994140625,2835.409912109375,2821.989990234375,2822.610107421875,3620770000,0.0037059469012648005,2019-03-18
2019-03-19,2832.570068359375,2852.419921875,2823.27001953125,2840.760009765625,3650740000,-0.0001305615560248663,2019-03-19
2019-03-20,2824.22998046875,2843.5400390625,2812.429931640625,2831.340087890625,3779160000,-0.0029443536044478913,2019-03-20
2019-03-21,2854.8798828125,2860.31005859375,2817.3798828125,2819.719970703125,3612620000,0.010852481049954399,2019-03-21
2019-03-22,2800.7099609375,2846.159912109375,2800.469970703125,2844.52001953125,4253730000,-0.018974501239482744,2019-03-22
2019-03-25,2798.360107421875,2809.7900390625,2785.02001953125,2796.010009765625,3406110000,-0.000839020658475631,2019-03-25
2019-03-26,2818.4599609375,2829.8701171875,2803.989990234375,2812.659912109375,3288570000,0.007182725862306283,2019-03-26
2019-03-27,2805.3701171875,2825.56005859375,2787.719970703125,2819.719970703125,3422400000,-0.0046443248906916645,2019-03-27
2019-03-28,2815.43994140625,2819.7099609375,2798.77001953125,2809.39990234375,3185460000,0.003589481529391092,2019-03-28
2019-03-29,2834.39990234375,2836.030029296875,2819.22998046875,2828.27001953125,3752520000,0.0067342800173637585,2019-03-29
2019-04-01,2867.18994140625,2869.39990234375,2848.6298828125,2848.6298828125,3560090000,0.011568600124275408,2019-04-01
2019-04-02,2867.239990234375,2872.89990234375,2858.75,2868.239990234375,3267210000,1.745570720723677e-05,2019-04-02
2019-04-03,2873.39990234375,2885.25,2865.169921875,2876.090087890625,3570000000,0.002148376881724312,2019-04-03
2019-04-04,2879.389892578125,2881.280029296875,2867.139892578125,2873.989990234375,3038740000,0.0020846350796801527,2019-04-04
2019-04-05,2892.739990234375,2893.239990234375,2882.989990234375,2884.159912109375,3155970000,0.004636432770241061,2019-04-05
2019-04-08,2895.77001953125,2895.949951171875,2880.780029296875,2888.4599609375,3056460000,0.0010474599539205265,2019-04-08
2019-04-09,2878.199951171875,2886.8798828125,2873.330078125,2886.580078125,3032480000,-0.006067494393846573,2019-04-09
2019-04-10,2888.2099609375,2889.7099609375,2879.1298828125,2881.3701171875,3092230000,0.0034778715639784963,2019-04-10
2019-04-11,2888.320068359375,2893.419921875,2881.989990234375,2891.919921875,2970650000,3.8123067008344336e-05,2019-04-11
2019-04-12,2907.409912109375,2910.5400390625,2898.3701171875,2900.860107421875,3726050000,0.006609324208602496,2019-04-12
2019-04-15,2905.580078125,2909.60009765625,2896.47998046875,2908.320068359375,3114530000,-0.0006293691084816588,2019-04-15
2019-04-16,2907.06005859375,2916.06005859375,2900.7099609375,2912.260009765625,3403120000,0.0005093580038946222,2019-04-16
2019-04-17,2900.449951171875,2918.0,2895.449951171875,2916.0400390625,3648100000,-0.0022738117853239315,2019-04-17
2019-04-18,2905.030029296875,2908.39990234375,2891.89990234375,2904.81005859375,3507100000,0.0015790922795098083,2019-04-18
2019-04-22,2907.969970703125,2909.510009765625,2896.35009765625,2898.780029296875,3010130000,0.001012017561471401,2019-04-22
2019-04-23,2933.679931640625,2936.31005859375,2908.530029296875,2909.989990234375,3674480000,0.008841205788409079,2019-04-23
2019-04-24,2927.25,2936.830078125,2926.050048828125,2934.0,3468480000,-0.002191763174733685,2019-04-24
2019-04-25,2926.169921875,2933.10009765625,2912.840087890625,2928.989990234375,3440010000,-0.0003689736527457965,2019-04-25
2019-04-26,2939.8798828125,2939.8798828125,2917.56005859375,2925.81005859375,3264390000,0.0046852921407636305,2019-04-26
2019-04-29,2943.030029296875,2949.52001953125,2939.35009765625,2940.580078125,3150390000,0.001071522174355355,2019-04-29
2019-04-30,2945.830078125,2948.219970703125,2924.110107421875,2937.139892578125,3939760000,0.0009514170090862972,2019-04-30
2019-05-01,2923.72998046875,2954.1298828125,2923.360107421875,2952.330078125,3669330000,-0.007502163081421376,2019-05-01
2019-05-02,2917.52001953125,2931.679931640625,2900.5,2922.159912109375,3802290000,-0.0021239857917741967,2019-05-02
2019-05-03,2945.639892578125,2947.85009765625,2929.2099609375,2929.2099609375,3357180000,0.009638279380647763,2019-05-03
2019-05-06,2932.469970703125,2937.320068359375,2898.2099609375,2908.889892578125,3203260000,-0.004470988428756373,2019-05-06
2019-05-07,2884.050048828125,2913.030029296875,2862.60009765625,2913.030029296875,3793060000,-0.016511651392423388,2019-05-07
2019-05-08,2879.419921875,2897.9599609375,2873.280029296875,2879.610107421875,3543110000,-0.0016054253132695706,2019-05-08
2019-05-09,2870.719970703125,2875.969970703125,2836.39990234375,2859.840087890625,3659050000,-0.0030214249424966866,2019-05-09
2019-05-10,2881.39990234375,2891.31005859375,2825.389892578125,2863.10009765625,3566780000,0.0037202972597878414,2019-05-10
2019-05-13,2811.8701171875,2840.18994140625,2801.429931640625,2840.18994140625,3900270000,-0.02413055719884427,2019-05-13
2019-05-14,2834.409912109375,2852.5400390625,2820.1201171875,2820.1201171875,3354860000,0.008015944543135589,2019-05-14
2019-05-15,2850.9599609375,2858.679931640625,2815.080078125,2820.3798828125,3140900000,0.00583897507464215,2019-05-15
2019-05-16,2876.320068359375,2892.14990234375,2855.800048828125,2855.800048828125,3338470000,0.008895287120600504,2019-05-16
2019-05-17,2859.530029296875,2885.47998046875,2854.22998046875,2858.60009765625,3316040000,-0.005837333350761975,2019-05-17
2019-05-20,2840.22998046875,2853.860107421875,2831.2900390625,2841.93994140625,3293750000,-0.0067493779153879885,2019-05-20
2019-05-21,2864.360107421875,2868.8798828125,2854.02001953125,2854.02001953125,3223050000,0.008495835590448308,2019-05-21
2019-05-22,2856.27001953125,2865.469970703125,2851.110107421875,2856.06005859375,3194000000,-0.0028243962306494508,2019-05-22
2019-05-23,2822.239990234375,2836.699951171875,2805.489990234375,2836.699951171875,3899320000,-0.01191414994527018,2019-05-23
2019-05-24,2826.06005859375,2841.360107421875,2820.18994140625,2832.409912109375,2889230000,0.0013535590072402126,2019-05-24
2019-05-28,2802.389892578125,2840.510009765625,2801.580078125,2830.030029296875,4146980000,-0.008375676922946718,2019-05-28
2019-05-29,2783.02001953125,2792.030029296875,2766.06005859375,2790.25,3701110000,-0.0069119122568113145,2019-05-29
2019-05-30,2788.860107421875,2799.0,2776.739990234375,2786.93994140625,3276030000,0.0020984713906617714,2019-05-30
2019-05-31,2752.06005859375,2768.97998046875,2750.52001953125,2766.14990234375,3982670000,-0.01319537280847849,2019-05-31
2019-06-03,2744.449951171875,2763.070068359375,2728.81005859375,2751.530029296875,3952360000,-0.0027652403144732274,2019-06-03
2019-06-04,2803.27001953125,2804.489990234375,2762.639892578125,2762.639892578125,3814130000,0.021432370568193138,2019-06-04
2019-06-05,2826.14990234375,2827.280029296875,2800.919921875,2818.090087890625,3570760000,0.008161854781411959,2019-06-05
2019-06-06,2843.489990234375,2852.10009765625,2822.449951171875,2828.510009765625,3445140000,0.006135586748687638,2019-06-06
2019-06-07,2873.340087890625,2884.969970703125,2852.8701171875,2852.8701171875,3244380000,0.01049769746289475,2019-06-07
2019-06-10,2886.72998046875,2904.77001953125,2885.510009765625,2885.830078125,3209890000,0.0046600444669098184,2019-06-10
2019-06-11,2885.719970703125,2910.610107421875,2878.530029296875,2903.27001953125,3551000000,-0.00034988023558091275,2019-06-11
2019-06-12,2879.840087890625,2888.570068359375,2874.679931640625,2882.72998046875,3039870000,-0.0020375791387226005,2019-06-12
2019-06-13,2891.639892578125,2895.239990234375,2881.989990234375,2886.239990234375,3100640000,0.004097381912668174,2019-06-13
2019-06-14,2886.97998046875,2894.449951171875,2879.6201171875,2886.820068359375,2992810000,-0.001611511904139773,2019-06-14
2019-06-17,2889.669921875,2897.27001953125,2887.300048828125,2889.75,2828400000,0.0009317492412306283,2019-06-17
2019-06-18,2917.75,2930.7900390625,2905.43994140625,2906.7099609375,3441540000,0.009717399870633026,2019-06-18
2019-06-19,2926.4599609375,2931.739990234375,2911.429931640625,2920.550048828125,3300220000,0.002985163546397107,2019-06-19
2019-06-20,2954.179931640625,2958.06005859375,2931.5,2949.60009765625,3943060000,0.009472185190685156,2019-06-20
2019-06-21,2950.4599609375,2964.14990234375,2946.8701171875,2952.7099609375,5003540000,-0.0012592227925193322,2019-06-21
2019-06-24,2945.35009765625,2954.919921875,2944.050048828125,2951.419921875,3136960000,-0.0017318870104667816,2019-06-24
2019-06-25,2917.3798828125,2946.52001953125,2916.010009765625,2945.780029296875,3579430000,-0.009496397343734198,2019-06-25
2019-06-26,2913.780029296875,2932.590087890625,2912.989990234375,2926.070068359375,3511350000,-0.0012339337557076835,2019-06-26
2019-06-27,2924.919921875,2929.300048828125,2918.570068359375,2919.659912109375,3162500000,0.003823175554131808,2019-06-27
2019-06-28,2941.760009765625,2943.97998046875,2929.050048828125,2932.93994140625,5422650000,0.0057574526279098315,2019-06-28
2019-07-01,2964.330078125,2977.929931640625,2952.219970703125,2971.409912109375,3524860000,0.007672301032188189,2019-07-01
2019-07-02,2973.010009765625,2973.2099609375,2955.919921875,2964.659912109375,3224490000,0.002928125887423194,2019-07-02
2019-07-03,2995.820068359375,2995.840087890625,2977.9599609375,2978.080078125,1963570000,0.007672378673070135,2019-07-03
2019-07-05,2990.409912109375,2994.030029296875,2967.969970703125,2984.25,2434680000,-0.00180590159841032,2019-07-05
2019-07-08,2975.949951171875,2980.760009765625,2970.090087890625,2979.77001953125,2922360000,-0.004835444424841517,2019-07-08
2019-07-09,2979.6298828125,2981.89990234375,2963.43994140625,2965.52001953125,3033330000,0.0012365569653400854,2019-07-09
2019-07-10,2993.070068359375,3002.97998046875,2984.6201171875,2989.300048828125,3157800000,0.0045106896075925995,2019-07-10
2019-07-11,2999.909912109375,3002.330078125,2988.800048828125,2999.6201171875,3155710000,0.002285226738359958,2019-07-11
2019-07-12,3013.77001953125,3013.919921875,3001.8701171875,3003.360107421875,2984140000,0.004620174547884881,2019-07-12
2019-07-15,3014.300048828125,3017.800048828125,3008.77001953125,3017.800048828125,2876100000,0.00017586919155743175,2019-07-15
2019-07-16,3004.0400390625,3015.02001953125,3001.14990234375,3012.1298828125,3297030000,-0.003403778522185874,2019-07-16
2019-07-17,2984.419921875,3005.260009765625,2984.25,3005.10009765625,3185650000,-0.006531243569450895,2019-07-17
2019-07-18,2995.110107421875,2998.280029296875,2973.090087890625,2978.8701171875,3369820000,0.003581997784064761,2019-07-18
2019-07-19,2976.610107421875,3006.02001953125,2975.860107421875,3004.260009765625,3285890000,-0.00617673452276668,2019-07-19
2019-07-22,2985.030029296875,2990.7099609375,2976.64990234375,2981.929931640625,3016200000,0.002828694915066654,2019-07-22
2019-07-23,3005.469970703125,3005.89990234375,2988.56005859375,2994.739990234375,3333810000,0.006847482673755456,2019-07-23
2019-07-24,3019.56005859375,3019.590087890625,2996.820068359375,2998.77001953125,3433220000,0.004688147952890187,2019-07-24
2019-07-25,3003.669921875,3016.31005859375,2997.239990234375,3016.260009765625,3657050000,-0.005262401280453521,2019-07-25
2019-07-26,3025.860107421875,3027.97998046875,3012.590087890625,3013.25,3260170000,0.007387691099234761,2019-07-26
2019-07-29,3020.969970703125,3025.610107421875,3014.300048828125,3024.469970703125,3224490000,-0.0016161146071345112,2019-07-29
2019-07-30,3013.179931640625,3017.18994140625,3000.93994140625,3007.659912109375,3632770000,-0.0025786549148275606,2019-07-30
2019-07-31,2980.3798828125,3017.39990234375,2958.080078125,3016.219970703125,4626330000,-0.010885526112695776,2019-07-31
2019-08-01,2953.56005859375,3013.590087890625,2945.22998046875,2980.320068359375,4793810000,-0.00899879386967306,2019-08-01
2019-08-02,2932.050048828125,2945.5,2914.110107421875,2943.89990234375,3882810000,-0.007282739927037873,2019-08-02
2019-08-05,2844.739990234375,2898.070068359375,2822.1201171875,2898.070068359375,4542850000,-0.0297778200029859,2019-08-05
2019-08-06,2881.77001953125,2884.39990234375,2847.419921875,2861.179931640625,4156640000,0.013017017169932643,2019-08-06
2019-08-07,2883.97998046875,2892.169921875,2825.7099609375,2858.64990234375,4512720000,0.0007668762331907164,2019-08-07
2019-08-08,2938.090087890625,2938.719970703125,2894.469970703125,2896.2099609375,4118530000,0.018762303409984193,2019-08-08
2019-08-09,2918.64990234375,2935.75,2900.14990234375,2930.510009765625,3356850000,-0.00661660635492356,2019-08-09
2019-08-12,2882.699951171875,2907.580078125,2873.139892578125,2907.070068359375,3328570000,-0.012317322177972212,2019-08-12
2019-08-13,2926.320068359375,2943.31005859375,2877.050048828125,2880.719970703125,3857190000,0.015131688322181258,2019-08-13
2019-08-14,2840.60009765625,2894.14990234375,2839.639892578125,2894.14990234375,4325150000,-0.029292752911742603,2019-08-14
2019-08-15,2847.60009765625,2856.669921875,2825.510009765625,2846.199951171875,4041720000,0.0024642680276520945,2019-08-15
2019-08-16,2888.679931640625,2893.6298828125,2864.739990234375,2864.739990234375,3524080000,0.014426124657807904,2019-08-16
2019-08-19,2923.64990234375,2931.0,2913.47998046875,2913.47998046875,3221050000,0.012105865492430645,2019-08-19
2019-08-20,2900.510009765625,2923.6298828125,2899.60009765625,2919.010009765625,3067710000,-0.007914727601131322,2019-08-20
2019-08-21,2924.429931640625,2928.72998046875,2917.909912109375,2922.0400390625,3016540000,0.00824679859557964,2019-08-21
2019-08-22,2922.949951171875,2939.080078125,2904.510009765625,2930.93994140625,2893660000,-0.0005060748601761755,2019-08-22
2019-08-23,2847.110107421875,2927.010009765625,2834.969970703125,2911.070068359375,3942520000,-0.025946336754618105,2019-08-23
2019-08-26,2878.3798828125,2879.27001953125,2856.0,2866.699951171875,2859790000,0.010982987735216332,2019-08-26
2019-08-27,2869.159912109375,2898.7900390625,2860.590087890625,2893.139892578125,3537490000,-0.003203180635808267,2019-08-27
2019-08-28,2887.93994140625,2890.030029296875,2853.050048828125,2861.280029296875,3102480000,0.006545480165679685,2019-08-28
2019-08-29,2924.580078125,2930.5,2905.669921875,2910.3701171875,3177150000,0.012687291793508804,2019-08-29
2019-08-30,2926.4599609375,2940.429931640625,2913.320068359375,2937.090087890625,3009910000,0.0006427872591217021,2019-08-30
2019-09-03,2906.27001953125,2914.389892578125,2891.85009765625,2909.010009765625,3427830000,-0.00689910050906084,2019-09-03
2019-09-04,2937.780029296875,2938.840087890625,2921.860107421875,2924.669921875,3167900000,0.010842079212828093,2019-09-04
2019-09-05,2976.0,2985.860107421875,2960.60009765625,2960.60009765625,3902600000,0.013009813642266721,2019-09-05
2019-09-06,2978.7099609375,2985.030029296875,2972.510009765625,2980.330078125,3209340000,0.0009106051537297599,2019-09-06
2019-09-09,2978.429931640625,2989.429931640625,2969.389892578125,2988.429931640625,4031120000,-9.401025965849463e-05,2019-09-09
2019-09-10,2979.389892578125,2979.389892578125,2957.010009765625,2971.010009765625,4393040000,0.0003223043548219451,2019-09-10
2019-09-11,3000.929931640625,3000.929931640625,2975.31005859375,2981.409912109375,3934370000,0.007229681189480308,2019-09-11
2019-09-12,3009.570068359375,3020.739990234375,3000.919921875,3009.080078125,3796990000,0.002879153101061016,2019-09-12
2019-09-13,3007.389892578125,3017.330078125,3002.89990234375,3012.2099609375,3557010000,-0.0007244143620946941,2019-09-13
2019-09-16,2997.9599609375,3002.18994140625,2990.669921875,2996.409912109375,4285860000,-0.0031355866640028207,2019-09-16
2019-09-17,3005.699951171875,3006.2099609375,2993.72998046875,2995.669921875,3673250000,0.0025817523700197853,2019-09-17
2019-09-18,3006.72998046875,3007.830078125,2978.570068359375,3001.5,3458800000,0.00034269198975556137,2019-09-18
2019-09-19,3006.7900390625,3021.989990234375,3003.159912109375,3010.360107421875,3265660000,1.997472142156731e-05,2019-09-19
2019-09-20,2992.070068359375,3016.3701171875,2984.679931640625,3008.419921875,6103440000,-0.0048955765157830955,2019-09-20
2019-09-23,2991.780029296875,2999.14990234375,2982.22998046875,2983.5,3187250000,-9.693591923765066e-05,2019-09-23
2019-09-24,2966.60009765625,3007.97998046875,2957.72998046875,3002.429931640625,3872800000,-0.008416371322106486,2019-09-24
2019-09-25,2984.8701171875,2989.820068359375,2952.860107421875,2968.35009765625,3331200000,0.006158571742003405,2019-09-25
2019-09-26,2977.6201171875,2987.280029296875,2963.7099609375,2985.72998046875,3084910000,-0.002428916406865711,2019-09-26
2019-09-27,2961.7900390625,2987.31005859375,2945.530029296875,2985.469970703125,3246480000,-0.005316352490240539,2019-09-27
2019-09-30,2976.739990234375,2983.85009765625,2967.070068359375,2967.070068359375,3249130000,0.005047606675254723,2019-09-30
2019-10-01,2940.25,2992.530029296875,2938.699951171875,2983.68994140625,3560750000,-0.012258373372913245,2019-10-01
2019-10-02,2887.610107421875,2924.780029296875,2874.929931640625,2924.780029296875,3914180000,-0.017903202985502964,2019-10-02
2019-10-03,2910.6298828125,2911.1298828125,2855.93994140625,2885.3798828125,3515130000,0.00797191259701524,2019-10-03
2019-10-04,2952.010009765625,2953.739990234375,2918.56005859375,2918.56005859375,3005600000,0.014216897585460186,2019-10-04
2019-10-07,2938.7900390625,2959.75,2935.679931640625,2944.22998046875,2959050000,-0.004478294673592398,2019-10-07
2019-10-08,2893.06005859375,2925.469970703125,2892.659912109375,2920.39990234375,3370700000,-0.015560819201407838,2019-10-08
2019-10-09,2919.39990234375,2929.320068359375,2907.409912109375,2911.10009765625,2735350000,0.0091044925499415,2019-10-09
2019-10-10,2938.1298828125,2948.4599609375,2917.1201171875,2918.550048828125,3234400000,0.006415695380997066,2019-10-10
2019-10-11,2970.27001953125,2993.280029296875,2963.070068359375,2963.070068359375,3581320000,0.010938977513132997,2019-10-11
2019-10-14,2966.14990234375,2972.840087890625,2962.93994140625,2965.81005859375,2559270000,-0.0013871187334510982,2019-10-14
2019-10-15,2995.679931640625,3003.280029296875,2973.610107421875,2973.610107421875,3345090000,0.009955676641137279,2019-10-15
2019-10-16,2989.68994140625,2997.5400390625,2985.199951171875,2989.679931640625,3230320000,-0.0019995427986508885,2019-10-16
2019-10-17,2997.949951171875,3008.2900390625,2991.7900390625,3000.77001953125,3103470000,0.0027628315736780706,2019-10-17
2019-10-18,2986.199951171875,3000.0,2976.31005859375,2996.840087890625,3268970000,-0.003919344949506964,2019-10-18
2019-10-21,3006.719970703125,3007.330078125,2995.35009765625,2996.47998046875,3271960000,0.006871616056117524,2019-10-21
2019-10-22,2995.989990234375,3014.570068359375,2995.0400390625,3010.72998046875,3527540000,-0.003568666378412577,2019-10-22
2019-10-23,3004.52001953125,3004.780029296875,2991.2099609375,2994.010009765625,3413600000,0.0028471487971184484,2019-10-23
2019-10-24,3010.2900390625,3016.070068359375,3000.419921875,3014.780029296875,3696510000,0.0019204463587332299,2019-10-24
2019-10-25,3022.550048828125,3027.389892578125,3001.93994140625,3003.320068359375,3379060000,0.004072700506109195,2019-10-25
2019-10-28,3039.419921875,3044.080078125,3032.1201171875,3032.1201171875,3524970000,0.005581337868471481,2019-10-28
2019-10-29,3036.889892578125,3047.8701171875,3034.81005859375,3035.389892578125,3594430000,-0.0008324053147991117,2019-10-29
2019-10-30,3046.77001953125,3050.10009765625,3025.9599609375,3039.739990234375,3779660000,0.00325337015914573,2019-10-30
2019-10-31,3037.56005859375,3046.89990234375,3023.18994140625,3046.89990234375,4149310000,-0.0030228605633046968,2019-10-31
2019-11-01,3066.909912109375,3066.949951171875,3050.719970703125,3050.719970703125,3956290000,0.009662312168146059,2019-11-01
2019-11-04,3078.27001953125,3085.199951171875,3074.8701171875,3078.9599609375,4178040000,0.003704089049704651,2019-11-04
2019-11-05,3074.6201171875,3083.949951171875,3072.14990234375,3080.800048828125,4490590000,-0.001185699214361291,2019-11-05
2019-11-06,3076.780029296875,3078.340087890625,3065.889892578125,3075.10009765625,4465510000,0.0007024972279667807,2019-11-06
2019-11-07,3085.179931640625,3097.77001953125,3080.22998046875,3087.02001953125,4151990000,0.0027300951851503275,2019-11-07
2019-11-08,3093.080078125,3093.090087890625,3073.580078125,3081.25,3508160000,0.0025606760900243053,2019-11-08
2019-11-11,3087.010009765625,3088.330078125,3075.820068359375,3080.330078125,3041120000,-0.0019624672514313435,2019-11-11
2019-11-12,3091.840087890625,3102.610107421875,3084.72998046875,3089.280029296875,3495560000,0.0015646460846321375,2019-11-12
2019-11-13,3094.0400390625,3098.06005859375,3078.800048828125,3084.179931640625,3513720000,0.0007115345908383919,2019-11-13
2019-11-14,3096.6298828125,3098.199951171875,3083.260009765625,3090.75,3282090000,0.0008370427393644686,2019-11-14
2019-11-15,3120.4599609375,3120.4599609375,3104.60009765625,3107.919921875,3359800000,0.007695488006902673,2019-11-15
2019-11-18,3122.030029296875,3124.169921875,3112.06005859375,3117.909912109375,3440140000,0.0005031528617669423,2019-11-18
2019-11-19,3120.179931640625,3127.639892578125,3113.469970703125,3127.449951171875,3613670000,-0.0005925944462060739,2019-11-19
2019-11-20,3108.4599609375,3118.969970703125,3091.409912109375,3114.659912109375,4041010000,-0.003756184245747196,2019-11-20
2019-11-21,3103.5400390625,3110.110107421875,3094.550048828125,3108.489990234375,3744010000,-0.0015827522106851566,2019-11-21
2019-11-22,3110.2900390625,3112.8701171875,3099.260009765625,3111.409912109375,3235270000,0.0021749356911917594,2019-11-22
2019-11-25,3133.639892578125,3133.830078125,3117.43994140625,3117.43994140625,3514310000,0.007507291353015866,2019-11-25
2019-11-26,3140.52001953125,3142.68994140625,3131.0,3134.85009765625,4600450000,0.0021955703874654287,2019-11-26
2019-11-27,3153.6298828125,3154.260009765625,3143.409912109375,3145.489990234375,3035470000,0.004174424362754614,2019-11-27
2019-11-29,3140.97998046875,3150.300048828125,3139.340087890625,3147.179931640625,1743420000,-0.004011219709926239,2019-11-29
2019-12-02,3113.8701171875,3144.31005859375,3110.780029296875,3143.85009765625,3285750000,-0.008631020716408422,2019-12-02
2019-12-03,3093.199951171875,3094.969970703125,3070.330078125,3087.409912109375,3671580000,-0.00663809511563529,2019-12-03
2019-12-04,3112.760009765625,3119.3798828125,3102.530029296875,3103.5,3702980000,0.00632356747139462,2019-12-04
2019-12-05,3117.429931640625,3119.449951171875,3103.760009765625,3119.2099609375,3360480000,0.0015002511791302187,2019-12-05
2019-12-06,3145.909912109375,3150.60009765625,3134.6201171875,3134.6201171875,3483310000,0.009135724328457329,2019-12-06
2019-12-09,3135.9599609375,3148.8701171875,3135.4599609375,3141.860107421875,3400470000,-0.00316282139344648,2019-12-09
2019-12-10,3132.52001953125,3142.1201171875,3126.090087890625,3135.360107421875,3346310000,-0.0010969340964486207,2019-12-10
2019-12-11,3141.6298828125,3143.97998046875,3133.2099609375,3135.75,3257650000,0.002908158040315856,2019-12-11
2019-12-12,3168.570068359375,3176.280029296875,3138.469970703125,3141.22998046875,4003200000,0.008575225775086182,2019-12-12
2019-12-13,3168.800048828125,3182.679931640625,3156.510009765625,3166.64990234375,3757650000,7.258178414493166e-05,2019-12-13
2019-12-16,3191.449951171875,3197.7099609375,3183.6298828125,3183.6298828125,4070200000,0.007147785279833618,2019-12-16
2019-12-17,3192.52001953125,3198.219970703125,3191.030029296875,3195.39990234375,3842940000,0.00033529222633799094,2019-12-17
2019-12-18,3191.139892578125,3198.47998046875,3191.139892578125,3195.2099609375,4029950000,-0.00043230017186479675,2019-12-18
2019-12-19,3205.3701171875,3205.47998046875,3192.320068359375,3192.320068359375,3784360000,0.004459292004863613,2019-12-19
2019-12-20,3221.219970703125,3225.64990234375,3216.030029296875,3223.330078125,6457480000,0.004944781081796634,2019-12-20
2019-12-23,3224.010009765625,3227.780029296875,3222.300048828125,3226.050048828125,3064530000,0.0008661436002121992,2019-12-23
2019-12-24,3223.3798828125,3226.429931640625,3220.510009765625,3225.449951171875,1296530000,-0.00019544819997963092,2019-12-24
2019-12-26,3239.909912109375,3240.080078125,3227.199951171875,3227.199951171875,2164540000,0.005128166675301138,2019-12-26
2019-12-27,3240.02001953125,3247.929931640625,3234.3701171875,3247.22998046875,2429150000,3.398471712534601e-05,2019-12-27
2019-12-30,3221.2900390625,3240.919921875,3216.570068359375,3240.090087890625,3021720000,-0.005780822450430323,2019-12-30
2019-12-31,3230.780029296875,3231.719970703125,3212.030029296875,3215.179931640625,2894760000,0.0029460216619106028,2019-12-31
2020-01-02,3257.85009765625,3258.139892578125,3235.530029296875,3244.669921875,3459930000,0.008378802677341701,2020-01-02
2020-01-03,3234.85009765625,3246.14990234375,3222.340087890625,3226.360107421875,3484700000,-0.007059870562045378,2020-01-03
2020-01-06,3246.280029296875,3246.840087890625,3214.639892578125,3217.550048828125,3702460000,0.0035333728907271933,2020-01-06
2020-01-07,3237.179931640625,3244.909912109375,3232.429931640625,3241.860107421875,3435910000,-0.0028032386528962228,2020-01-07
2020-01-08,3253.050048828125,3267.070068359375,3236.669921875,3238.590087890625,3726840000,0.004902451368978156,2020-01-08
2020-01-09,3274.699951171875,3275.580078125,3263.669921875,3266.030029296875,3641230000,0.006655262605488987,2020-01-09
2020-01-10,3265.35009765625,3282.989990234375,3260.860107421875,3281.81005859375,3214580000,-0.002855178689662563,2020-01-10
2020-01-13,3288.1298828125,3288.1298828125,3268.429931640625,3271.1298828125,3459390000,0.006976215252569862,2020-01-13
2020-01-14,3283.14990234375,3294.25,3277.18994140625,3285.35009765625,3687620000,-0.001514532772802224,2020-01-14
2020-01-15,3289.2900390625,3298.659912109375,3280.68994140625,3282.27001953125,3721490000,0.0018701968845122874,2020-01-15
2020-01-16,3316.81005859375,3317.110107421875,3302.820068359375,3302.969970703125,3540580000,0.00836655302646827,2020-01-16
2020-01-17,3329.6201171875,3329.8798828125,3318.860107421875,3323.659912109375,3726220000,0.003862162248501333,2020-01-17
2020-01-21,3320.7900390625,3329.7900390625,3316.610107421875,3321.030029296875,4104840000,-0.0026519776473655776,2020-01-21
2020-01-22,3321.75,3337.77001953125,3320.0400390625,3330.02001953125,3623780000,0.0002890760711180551,2020-01-22
2020-01-23,3325.5400390625,3326.8798828125,3301.8701171875,3315.77001953125,3766710000,0.0011409766124783616,2020-01-23
2020-01-24,3295.469970703125,3333.179931640625,3281.530029296875,3333.10009765625,3708780000,-0.009042160974207403,2020-01-24
2020-01-27,3243.6298828125,3258.85009765625,3234.5,3247.159912109375,3831050000,-0.015730711659182384,2020-01-27
2020-01-28,3276.239990234375,3285.780029296875,3253.219970703125,3255.35009765625,3531570000,0.010053584595046017,2020-01-28
2020-01-29,3273.39990234375,3293.469970703125,3271.889892578125,3289.4599609375,3600250000,-0.0008668741908683941,2020-01-29
2020-01-30,3283.659912109375,3285.909912109375,3242.800048828125,3256.449951171875,3790350000,0.003134358792605374,2020-01-30
2020-01-31,3225.52001953125,3282.330078125,3214.679931640625,3282.330078125,4529700000,-0.01770582037552626,2020-01-31
2020-02-03,3248.919921875,3268.43994140625,3235.659912109375,3235.659912109375,3760460000,0.007254613892351713,2020-02-03
2020-02-04,3297.590087890625,3306.919921875,3280.610107421875,3280.610107421875,3996900000,0.014980414164082134,2020-02-04
2020-02-05,3334.68994140625,3337.580078125,3313.75,3324.909912109375,4121480000,0.01125059589785371,2020-02-05
2020-02-06,3345.780029296875,3347.9599609375,3334.389892578125,3344.919921875,3887250000,0.003325672876785646,2020-02-06
2020-02-07,3327.7099609375,3341.419921875,3322.1201171875,3335.5400390625,3733920000,-0.005400853672730133,2020-02-07
2020-02-10,3352.090087890625,3352.260009765625,3317.77001953125,3318.280029296875,3462730000,0.007326397804890528,2020-02-10
2020-02-11,3357.75,3375.6298828125,3352.719970703125,3365.8701171875,3762940000,0.0016884725532351208,2020-02-11
2020-02-12,3379.449951171875,3381.469970703125,3369.719970703125,3370.5,3930910000,0.006462646466197652,2020-02-12
2020-02-13,3373.93994140625,3385.090087890625,3360.52001953125,3365.89990234375,3500890000,-0.0016304457368023773,2020-02-13
2020-02-14,3380.159912109375,3380.68994140625,3366.14990234375,3378.080078125,3419700000,0.0018435333204338544,2020-02-14
2020-02-18,3370.2900390625,3375.010009765625,3355.610107421875,3369.0400390625,3750400000,-0.002919942636890105,2020-02-18
2020-02-19,3386.14990234375,3393.52001953125,3378.830078125,3380.389892578125,3614200000,0.004705785881164548,2020-02-19
2020-02-20,3373.22998046875,3389.14990234375,3341.02001953125,3380.449951171875,4019180000,-0.00381551976362815,2020-02-20
2020-02-21,3337.75,3360.760009765625,3328.449951171875,3360.5,3908780000,-0.01051810302712286,2020-02-21
2020-02-24,3225.889892578125,3259.81005859375,3214.64990234375,3257.610107421875,4851160000,-0.03351362667122315,2020-02-24
2020-02-25,3128.2099609375,3246.989990234375,3118.77001953125,3238.93994140625,5596760000,-0.030279995565056117,2020-02-25
2020-02-26,3116.389892578125,3182.510009765625,3108.989990234375,3139.89990234375,5484650000,-0.0037785406053220116,2020-02-26
2020-02-27,2978.760009765625,3097.070068359375,2977.389892578125,3062.5400390625,7064710000,-0.04416324258407911,2020-02-27
2020-02-28,2954.219970703125,2959.719970703125,2855.840087890625,2916.89990234375,8569570000,-0.008238340444361891,2020-02-28
2020-03-02,3090.22998046875,3090.9599609375,2945.18994140625,2974.280029296875,6381330000,0.046039229006110016,2020-03-02
2020-03-03,3003.3701171875,3136.719970703125,2976.6298828125,3096.4599609375,6376510000,-0.028107896121075893,2020-03-03
2020-03-04,3130.1201171875,3130.969970703125,3034.3798828125,3045.75,5073020000,0.04220259077449118,2020-03-04
2020-03-05,3023.93994140625,3083.0400390625,2999.830078125,3075.699951171875,5579290000,-0.033922077046888544,2020-03-05
2020-03-06,2972.3701171875,2985.929931640625,2901.5400390625,2954.199951171875,6555240000,-0.01705385200037013,2020-03-06
2020-03-09,2746.56005859375,2863.889892578125,2734.429931640625,2863.889892578125,8441290000,-0.07596969747745097,2020-03-09
2020-03-10,2882.22998046875,2882.590087890625,2734.0,2813.47998046875,7642040000,0.04939630628156144,2020-03-10
2020-03-11,2741.3798828125,2825.60009765625,2707.219970703125,2825.60009765625,7431200000,-0.048868445131273974,2020-03-11
2020-03-12,2480.639892578125,2660.949951171875,2478.860107421875,2630.860107421875,8850810000,-0.09511268097833658,2020-03-12
2020-03-13,2711.02001953125,2711.330078125,2492.3701171875,2569.989990234375,8299070000,0.09287124972971839,2020-03-13
2020-03-16,2386.1298828125,2562.97998046875,2380.93994140625,2508.590087890625,7805450000,-0.11984055240393443,2020-03-16
2020-03-17,2529.18994140625,2553.929931640625,2367.0400390625,2425.659912109375,8370250000,0.05995484974402432,2020-03-17
2020-03-18,2398.10009765625,2453.570068359375,2280.52001953125,2436.5,8799300000,-0.051830762729157875,2020-03-18
2020-03-19,2409.389892578125,2466.969970703125,2319.780029296875,2393.47998046875,7956100000,0.0047078080405855705,2020-03-19
2020-03-20,2304.919921875,2453.010009765625,2295.56005859375,2431.93994140625,9053950000,-0.04335951230846191,2020-03-20
2020-03-23,2237.39990234375,2300.72998046875,2191.860107421875,2290.7099609375,7411380000,-0.02929386782180443,2020-03-23
2020-03-24,2447.330078125,2449.7099609375,2344.43994140625,2344.43994140625,7563150000,0.09382773976227554,2020-03-24
2020-03-25,2475.56005859375,2571.419921875,2407.530029296875,2457.77001953125,8300010000,0.011535011448221999,2020-03-25
2020-03-26,2630.070068359375,2637.010009765625,2500.719970703125,2501.2900390625,7766990000,0.062414163303876835,2020-03-26
2020-03-27,2541.469970703125,2615.909912109375,2520.02001953125,2555.8701171875,6201670000,-0.033687352562252526,2020-03-27
2020-03-30,2626.64990234375,2631.800048828125,2545.280029296875,2558.97998046875,5751120000,0.03351600948370015,2020-03-30
2020-03-31,2584.590087890625,2641.389892578125,2571.14990234375,2614.68994140625,6576210000,-0.016012721914555605,2020-03-31
2020-04-01,2470.5,2522.75,2447.489990234375,2498.080078125,5964000000,-0.04414243033166543,2020-04-01
2020-04-02,2526.89990234375,2533.219970703125,2455.7900390625,2458.5400390625,6464190000,0.02282934723487151,2020-04-02
2020-04-03,2488.64990234375,2538.179931640625,2459.9599609375,2514.919921875,6096970000,-0.015137125124949469,2020-04-03
2020-04-06,2663.679931640625,2676.85009765625,2574.570068359375,2578.280029296875,6403840000,0.07033131865275055,2020-04-06
2020-04-07,2659.409912109375,2756.889892578125,2657.669921875,2738.64990234375,7050410000,-0.0016030527844311804,2020-04-07
2020-04-08,2749.97998046875,2760.75,2663.300048828125,2685.0,5875710000,0.03405645287963033,2020-04-08
2020-04-09,2789.820068359375,2818.570068359375,2762.360107421875,2776.989990234375,7899550000,0.014487410153376512,2020-04-09
2020-04-13,2761.6298828125,2782.4599609375,2721.169921875,2782.4599609375,5319530000,-0.010104660822607414,2020-04-13
2020-04-14,2846.06005859375,2851.85009765625,2805.10009765625,2805.10009765625,5615730000,0.030572589146256046,2020-04-14
2020-04-15,2783.360107421875,2801.8798828125,2761.5400390625,2795.639892578125,5208000000,-0.022030438529415775,2020-04-15
2020-04-16,2799.550048828125,2806.510009765625,2764.320068359375,2799.340087890625,5228810000,0.005816689462164515,2020-04-16
2020-04-17,2874.56005859375,2879.219970703125,2830.8798828125,2842.429931640625,5804810000,0.026793594848223412,2020-04-17
2020-04-20,2823.159912109375,2868.97998046875,2820.429931640625,2845.6201171875,5228630000,-0.01788104803401469,2020-04-20
2020-04-21,2736.56005859375,2785.5400390625,2727.10009765625,2784.81005859375,5121010000,-0.030674795694063395,2020-04-21
2020-04-22,2799.31005859375,2815.10009765625,2775.949951171875,2787.889892578125,5084920000,0.022930247703843776,2020-04-22
2020-04-23,2797.800048828125,2844.89990234375,2794.260009765625,2810.419921875,5773530000,-0.0005394221197431159,2020-04-23
2020-04-24,2836.739990234375,2842.7099609375,2791.760009765625,2812.639892578125,5382810000,0.013918057304545428,2020-04-24
2020-04-27,2878.47998046875,2887.719970703125,2852.889892578125,2854.64990234375,5203930000,0.014714069804799612,2020-04-27
2020-04-28,2863.389892578125,2921.14990234375,2860.7099609375,2909.9599609375,5691160000,-0.005242380698498916,2020-04-28
2020-04-29,2939.510009765625,2954.860107421875,2912.159912109375,2918.4599609375,6645640000,0.026583916282167053,2020-04-29
2020-04-30,2912.429931640625,2930.909912109375,2892.469970703125,2930.909912109375,6544980000,-0.009212446303987654,2020-04-30
2020-05-01,2830.7099609375,2869.090087890625,2821.610107421875,2869.090087890625,4759810000,-0.028059034078492195,2020-05-01
2020-05-04,2842.739990234375,2844.239990234375,2797.85009765625,2815.010009765625,4735930000,0.004249827591976452,2020-05-04
2020-05-05,2868.43994140625,2898.22998046875,2863.550048828125,2868.8798828125,5140290000,0.009040556385797371,2020-05-05
2020-05-06,2848.419921875,2891.110107421875,2847.64990234375,2883.139892578125,4892570000,-0.006979410390386298,2020-05-06
2020-05-07,2881.18994140625,2901.919921875,2876.47998046875,2878.260009765625,5178790000,0.011504630788313985,2020-05-07
2020-05-08,2929.800048828125,2932.159912109375,2902.8798828125,2908.830078125,4876030000,0.016871538638701944,2020-05-08
2020-05-11,2930.18994140625,2944.25,2903.43994140625,2915.4599609375,4819730000,0.00013307822091168653,2020-05-11
2020-05-12,2870.1201171875,2945.820068359375,2869.590087890625,2939.5,5119630000,-0.020500317528877154,2020-05-12
2020-05-13,2820.0,2874.139892578125,2793.14990234375,2865.860107421875,6151650000,-0.01746272460422804,2020-05-13
2020-05-14,2852.5,2852.800048828125,2766.639892578125,2794.5400390625,5651130000,0.01152482269503552,2020-05-14
2020-05-15,2863.699951171875,2865.010009765625,2816.780029296875,2829.949951171875,5507700000,0.0039263632504382695,2020-05-15
2020-05-18,2953.909912109375,2968.090087890625,2913.860107421875,2913.860107421875,6373670000,0.03150119163168075,2020-05-18
2020-05-19,2922.93994140625,2964.2099609375,2922.35009765625,2948.590087890625,4984330000,-0.010484399194493177,2020-05-19
2020-05-20,2971.610107421875,2980.2900390625,2953.6298828125,2953.6298828125,5005380000,0.01665110025908012,2020-05-20
2020-05-21,2948.510009765625,2978.5,2938.570068359375,2969.949951171875,4976620000,-0.007773596407737116,2020-05-21
2020-05-22,2955.449951171875,2956.760009765625,2933.590087890625,2948.050048828125,3970860000,0.002353711326488428,2020-05-22
2020-05-26,2991.77001953125,3021.719970703125,2988.169921875,3004.080078125,5848500000,0.012289184036080147,2020-05-26
2020-05-27,3036.1298828125,3036.25,2969.75,3015.64990234375,6398000000,0.014827297215913804,2020-05-27
2020-05-28,3029.72998046875,3068.669921875,3023.39990234375,3046.610107421875,5447020000,-0.0021079145460738413,2020-05-28
2020-05-29,3044.31005859375,3049.169921875,2998.610107421875,3025.169921875,7297550000,0.004812335824971425,2020-05-29
2020-06-01,3055.72998046875,3062.179931640625,3031.5400390625,3038.780029296875,4684170000,0.003751234813537785,2020-06-01
2020-06-02,3080.820068359375,3081.070068359375,3051.639892578125,3064.780029296875,5197150000,0.008210832780053412,2020-06-02
2020-06-03,3122.8701171875,3130.93994140625,3098.89990234375,3098.89990234375,6005560000,0.013648979133831007,2020-06-03
2020-06-04,3112.35009765625,3128.909912109375,3090.409912109375,3111.56005859375,6451290000,-0.0033687022311144066,2020-06-04
2020-06-05,3193.929931640625,3211.719970703125,3163.840087890625,3163.840087890625,8639300000,0.026211650818398713,2020-06-05
2020-06-08,3232.389892578125,3233.1298828125,3196.0,3199.919921875,8498300000,0.012041579421169235,2020-06-08
2020-06-09,3207.179931640625,3222.7099609375,3193.110107421875,3213.320068359375,6410930000,-0.007799170822611612,2020-06-09
2020-06-10,3190.139892578125,3223.27001953125,3181.489990234375,3213.419921875,6598870000,-0.0053130910724373814,2020-06-10
2020-06-11,3002.10009765625,3123.530029296875,2999.489990234375,3123.530029296875,7037320000,-0.05894405927443824,2020-06-11
2020-06-12,3041.31005859375,3088.419921875,2984.469970703125,3071.0400390625,5845330000,0.013060843963234703,2020-06-12
2020-06-15,3066.590087890625,3079.760009765625,2965.659912109375,2993.760009765625,5757480000,0.008312217041285264,2020-06-15
2020-06-16,3124.739990234375,3153.449951171875,3076.06005859375,3131.0,5845810000,0.01896239819380252,2020-06-16
2020-06-17,3113.489990234375,3141.159912109375,3108.030029296875,3136.1298828125,4560450000,-0.0036002995561740248,2020-06-17
2020-06-18,3115.340087890625,3120.0,3093.510009765625,3101.639892578125,4448690000,0.0005942198825281686,2020-06-18
2020-06-19,3097.739990234375,3155.530029296875,3083.110107421875,3140.2900390625,8346650000,-0.005649494809462974,2020-06-19
2020-06-22,3117.860107421875,3120.919921875,3079.389892578125,3094.419921875,4686690000,0.006495095537691675,2020-06-22
2020-06-23,3131.2900390625,3154.89990234375,3127.1201171875,3138.699951171875,4711850000,0.004307419569164139,2020-06-23
2020-06-24,3050.330078125,3115.010009765625,3032.1298828125,3114.39990234375,5597680000,-0.025855145939064572,2020-06-24
2020-06-25,3083.760009765625,3086.25,3024.010009765625,3046.60009765625,4847690000,0.010959447267809841,2020-06-25
2020-06-26,3009.050048828125,3073.72998046875,3004.6298828125,3073.199951171875,8107850000,-0.024226905044785974,2020-06-26
2020-06-29,3053.239990234375,3053.889892578125,2999.739990234375,3018.590087890625,4473970000,0.014685678433118632,2020-06-29
2020-06-30,3100.2900390625,3111.510009765625,3047.830078125,3050.199951171875,4705850000,0.015409875731554612,2020-06-30
2020-07-01,3115.860107421875,3128.43994140625,3101.169921875,3105.919921875,4449230000,0.005022132820864389,2020-07-01
2020-07-02,3130.010009765625,3165.81005859375,3124.52001953125,3143.639892578125,4197720000,0.004541250844364075,2020-07-02
2020-07-06,3179.719970703125,3182.590087890625,3155.2900390625,3155.2900390625,4759160000,0.01588172586745884,2020-07-06
2020-07-07,3145.320068359375,3184.14990234375,3142.929931640625,3166.43994140625,4571330000,-0.010818532028197159,2020-07-07
2020-07-08,3169.93994140625,3171.800048828125,3136.530029296875,3153.070068359375,4937310000,0.007827461915415501,2020-07-08
2020-07-09,3152.050048828125,3179.780029296875,3115.699951171875,3176.169921875,4843650000,-0.005643606159361103,2020-07-09
2020-07-10,3185.0400390625,3186.820068359375,3136.219970703125,3152.469970703125,4524190000,0.01046620127324438,2020-07-10
2020-07-13,3155.219970703125,3235.320068359375,3149.429931640625,3205.080078125,4902440000,-0.009362541127788226,2020-07-13
2020-07-14,3197.52001953125,3200.949951171875,3127.659912109375,3141.110107421875,4507140000,0.013406370782667931,2020-07-14
2020-07-15,3226.56005859375,3238.280029296875,3200.760009765625,3225.97998046875,4686830000,0.009082050740923053,2020-07-15
2020-07-16,3215.570068359375,3220.389892578125,3198.590087890625,3208.360107421875,3972860000,-0.0034061012455366413,2020-07-16
2020-07-17,3224.72998046875,3233.52001953125,3205.64990234375,3224.2099609375,4012850000,0.002848612194617406,2020-07-17
2020-07-20,3251.840087890625,3258.610107421875,3215.159912109375,3224.2900390625,3979340000,0.0084069387471426,2020-07-20
2020-07-21,3257.300048828125,3277.2900390625,3247.77001953125,3268.52001953125,4556610000,0.0016790373419135474,2020-07-21
2020-07-22,3276.02001953125,3279.320068359375,3253.10009765625,3254.860107421875,4267160000,0.005747082068739751,2020-07-22
2020-07-23,3235.659912109375,3279.989990234375,3222.659912109375,3271.639892578125,4296760000,-0.012319859824193036,2020-07-23
2020-07-24,3215.6298828125,3227.260009765625,3200.050048828125,3218.580078125,3689410000,-0.006190400054688405,2020-07-24
2020-07-27,3239.409912109375,3241.429931640625,3214.25,3219.840087890625,3970310000,0.007395138795039502,2020-07-27
2020-07-28,3218.43994140625,3243.719970703125,3216.169921875,3234.27001953125,4053180000,-0.006473392152297919,2020-07-28
2020-07-29,3258.43994140625,3264.739990234375,3227.219970703125,3227.219970703125,4478200000,0.01242838167815008,2020-07-29
2020-07-30,3246.219970703125,3250.919921875,3204.1298828125,3231.760009765625,4264920000,-0.003750251937389204,2020-07-30
2020-07-31,3271.1201171875,3272.169921875,3220.260009765625,3270.449951171875,5007530000,0.007670504990141325,2020-07-31
2020-08-03,3294.610107421875,3302.72998046875,3284.530029296875,3288.260009765625,4438940000,0.00718102343932614,2020-08-03
2020-08-04,3306.510009765625,3306.840087890625,3286.3701171875,3289.919921875,4414380000,0.0036119303819721615,2020-08-04
2020-08-05,3327.77001953125,3330.77001953125,3317.3701171875,3317.3701171875,4535060000,0.006429743053199433,2020-08-05
2020-08-06,3349.159912109375,3351.030029296875,3318.139892578125,3323.169921875,4278930000,0.00642769555966427,2020-08-06
2020-08-07,3351.280029296875,3352.5400390625,3328.719970703125,3340.050048828125,4110030000,0.0006330295486443038,2020-08-07
2020-08-10,3360.469970703125,3363.2900390625,3335.43994140625,3356.0400390625,4327920000,0.002742218294476073,2020-08-10
2020-08-11,3333.68994140625,3381.010009765625,3326.43994140625,3370.340087890625,4880540000,-0.007969132154236114,2020-08-11
2020-08-12,3380.35009765625,3387.889892578125,3355.4599609375,3355.4599609375,3772250000,0.013996549490237653,2020-08-12
2020-08-13,3373.429931640625,3387.239990234375,3363.35009765625,3372.949951171875,3438730000,-0.002047174350497949,2020-08-13
2020-08-14,3372.85009765625,3378.510009765625,3361.639892578125,3368.659912109375,3200060000,-0.00017188262276812694,2020-08-14
2020-08-17,3381.989990234375,3387.590087890625,3379.219970703125,3380.860107421875,3460330000,0.0027098425110787527,2020-08-17
2020-08-18,3389.780029296875,3395.06005859375,3370.14990234375,3387.0400390625,3669550000,0.002303389154016955,2020-08-18
2020-08-19,3374.85009765625,3399.5400390625,3369.659912109375,3392.510009765625,3679480000,-0.0044043954214108005,2020-08-19
2020-08-20,3385.510009765625,3390.800048828125,3354.68994140625,3360.47998046875,3431040000,0.0031586327691348615,2020-08-20
2020-08-21,3397.159912109375,3399.9599609375,3379.31005859375,3386.010009765625,3505010000,0.0034411070444764214,2020-08-21
2020-08-24,3431.280029296875,3432.090087890625,3413.1298828125,3418.090087890625,3743410000,0.010043718303008653,2020-08-24
2020-08-25,3443.6201171875,3444.2099609375,3425.840087890625,3435.949951171875,3627650000,0.0035963511532906,2020-08-25
2020-08-26,3478.72998046875,3481.070068359375,3444.14990234375,3449.969970703125,3780530000,0.010195626139483993,2020-08-26
2020-08-27,3484.550048828125,3501.3798828125,3468.35009765625,3485.139892578125,3955890000,0.0016730440109038458,2020-08-27
2020-08-28,3508.010009765625,3509.22998046875,3484.320068359375,3494.68994140625,3868510000,0.00673256535528588,2020-08-28
2020-08-31,3500.31005859375,3514.77001953125,3493.25,3509.72998046875,4348280000,-0.0021949627140287475,2020-08-31
2020-09-01,3526.64990234375,3528.030029296875,3494.60009765625,3507.43994140625,4101490000,0.007525003016613407,2020-09-01
2020-09-02,3580.840087890625,3588.110107421875,3535.22998046875,3543.760009765625,4295640000,0.015365910154807594,2020-09-02
2020-09-03,3455.06005859375,3564.85009765625,3427.409912109375,3564.739990234375,4911830000,-0.03512584371534122,2020-09-03
2020-09-04,3426.9599609375,3479.14990234375,3349.6298828125,3453.60009765625,4438720000,-0.008133027264274895,2020-09-04
2020-09-08,3331.840087890625,3379.969970703125,3329.27001953125,3371.8798828125,4694330000,-0.027756342102360998,2020-09-08
2020-09-09,3398.9599609375,3424.77001953125,3366.840087890625,3369.820068359375,3932520000,0.02014498633677464,2020-09-09
2020-09-10,3339.18994140625,3425.550048828125,3329.25,3412.56005859375,4208630000,-0.01758479659017942,2020-09-10
2020-09-11,3340.969970703125,3368.949951171875,3310.469970703125,3352.699951171875,3710090000,0.0005330721905940639,2020-09-11
2020-09-14,3383.5400390625,3402.929931640625,3363.56005859375,3363.56005859375,3839580000,0.012741829089357504,2020-09-14
2020-09-15,3401.199951171875,3419.47998046875,3389.25,3407.72998046875,4057190000,0.005219359577689042,2020-09-15
2020-09-16,3385.489990234375,3428.919921875,3384.449951171875,3411.22998046875,4718900000,-0.004618946596211537,2020-09-16
2020-09-17,3357.010009765625,3375.169921875,3328.820068359375,3346.860107421875,4379840000,-0.008412365876402483,2020-09-17
2020-09-18,3319.469970703125,3362.27001953125,3292.39990234375,3357.3798828125,7076400000,-0.011182581807410497,2020-09-18
2020-09-21,3281.06005859375,3285.570068359375,3229.10009765625,3285.570068359375,4836070000,-0.011571097930805796,2020-09-21
2020-09-22,3315.570068359375,3320.31005859375,3270.949951171875,3295.75,3974510000,0.010517945160813724,2020-09-22
2020-09-23,3236.919921875,3323.35009765625,3232.570068359375,3320.110107421875,4378650000,-0.023721455093028143,2020-09-23
2020-09-24,3246.590087890625,3278.699951171875,3209.449951171875,3226.139892578125,4601920000,0.0029874591429570607,2020-09-24
2020-09-25,3298.4599609375,3306.8798828125,3228.43994140625,3236.659912109375,3803330000,0.0159767237756141,2020-09-25
2020-09-28,3351.60009765625,3360.739990234375,3332.909912109375,3333.89990234375,3950910000,0.016110590199083896,2020-09-28
2020-09-29,3335.469970703125,3357.919921875,3327.5400390625,3350.919921875,3661590000,-0.0048126645432444715,2020-09-29
2020-09-30,3363.0,3393.56005859375,3340.469970703125,3341.2099609375,4738640000,0.008253718228220741,2020-09-30
2020-10-01,3380.800048828125,3397.179931640625,3361.389892578125,3385.8701171875,4076340000,0.005292907769290922,2020-10-01
2020-10-02,3348.419921875,3369.10009765625,3323.68994140625,3338.93994140625,3975180000,-0.009577652178616392,2020-10-02
2020-10-05,3408.60009765625,3409.570068359375,3367.27001953125,3367.27001953125,3692720000,0.01797270867614209,2020-10-05
2020-10-06,3360.969970703125,3431.56005859375,3354.5400390625,3408.739990234375,4453390000,-0.013973515692226712,2020-10-06
2020-10-07,3419.43994140625,3426.260009765625,3384.56005859375,3384.56005859375,3814750000,0.01739675486921799,2020-10-07
2020-10-08,3446.830078125,3447.280029296875,3428.14990234375,3434.280029296875,3867640000,0.008010123642494982,2020-10-08
2020-10-09,3477.139892578125,3482.340087890625,3458.070068359375,3459.669921875,3944090000,0.00879353312061526,2020-10-09
2020-10-12,3534.219970703125,3549.85009765625,3499.610107421875,3500.02001953125,3435760000,0.01641581296364758,2020-10-12
2020-10-13,3511.929931640625,3534.010009765625,3500.860107421875,3534.010009765625,3611100000,-0.006306918994084421,2020-10-13
2020-10-14,3488.669921875,3527.93994140625,3480.550048828125,3515.469970703125,3858510000,-0.006623141753502759,2020-10-14
2020-10-15,3483.340087890625,3489.080078125,3440.889892578125,3453.719970703125,3724550000,-0.0015277553060997207,2020-10-15
2020-10-16,3483.81005859375,3515.760009765625,3480.449951171875,3493.5,4688030000,0.00013491955745537076,2020-10-16
2020-10-19,3426.919921875,3502.419921875,3419.929931640625,3493.659912109375,4091080000,-0.016329861778318078,2020-10-19
2020-10-20,3443.1201171875,3476.929931640625,3435.64990234375,3439.3798828125,3917850000,0.004727334073110212,2020-10-20
2020-10-21,3435.56005859375,3464.860107421875,3433.06005859375,3439.909912109375,4103960000,-0.0021956999281005363,2020-10-21
2020-10-22,3453.489990234375,3460.530029296875,3415.340087890625,3438.5,4172060000,0.005218925396392127,2020-10-22
2020-10-23,3465.389892578125,3466.4599609375,3440.449951171875,3464.89990234375,3651600000,0.003445761353703114,2020-10-23
2020-10-26,3400.969970703125,3441.419921875,3364.860107421875,3441.419921875,4002210000,-0.018589516294535646,2020-10-26
2020-10-27,3390.679931640625,3409.510009765625,3388.7099609375,3403.14990234375,3962400000,-0.0030256189119989285,2020-10-27
2020-10-28,3271.030029296875,3342.47998046875,3268.889892578125,3342.47998046875,5139970000,-0.035287878760604796,2020-10-28
2020-10-29,3310.110107421875,3341.050048828125,3259.820068359375,3277.169921875,4911860000,0.011947330894238384,2020-10-29
2020-10-30,3269.9599609375,3304.929931640625,3233.93994140625,3293.590087890625,4843930000,-0.012129550130175693,2020-10-30
2020-11-02,3310.239990234375,3330.139892578125,3279.739990234375,3296.199951171875,4314690000,0.01231820260127181,2020-11-02
2020-11-03,3369.159912109375,3389.489990234375,3336.25,3336.25,4241380000,0.01779929009643455,2020-11-03
2020-11-04,3443.43994140625,3486.25,3405.169921875,3406.4599609375,4790400000,0.02204704770168342,2020-11-04
2020-11-05,3510.449951171875,3529.050048828125,3485.739990234375,3485.739990234375,4858150000,0.01946019413896294,2020-11-05
2020-11-06,3509.43994140625,3521.580078125,3484.340087890625,3508.340087890625,4842460000,-0.00028771518741854685,2020-11-06
2020-11-09,3550.5,3645.989990234375,3547.47998046875,3583.0400390625,8570510000,0.01169988923568721,2020-11-09
2020-11-10,3545.530029296875,3557.219970703125,3511.909912109375,3543.260009765625,6037470000,-0.0013997945931910616,2020-11-10
2020-11-11,3572.659912109375,3581.159912109375,3557.0,3563.219970703125,4635560000,0.007651855318760337,2020-11-11
2020-11-12,3537.010009765625,3569.02001953125,3518.580078125,3562.669921875,4909660000,-0.009978532303877019,2020-11-12
2020-11-13,3585.14990234375,3593.659912109375,3552.570068359375,3552.570068359375,4719580000,0.013610335409063534,2020-11-13
2020-11-16,3626.909912109375,3628.510009765625,3600.159912109375,3600.159912109375,5295510000,0.011648051240012336,2020-11-16
2020-11-17,3609.530029296875,3623.110107421875,3588.679931640625,3610.31005859375,4812180000,-0.004791925698091615,2020-11-17
2020-11-18,3567.7900390625,3619.090087890625,3567.330078125,3612.090087890625,5284810000,-0.011563829610944043,2020-11-18
2020-11-19,3581.8701171875,3585.219970703125,3543.840087890625,3559.409912109375,4363370000,0.003946442467421596,2020-11-19
2020-11-20,3557.5400390625,3581.22998046875,3556.85009765625,3579.31005859375,4236370000,-0.006792562915180156,2020-11-20
2020-11-23,3577.590087890625,3589.81005859375,3552.77001953125,3566.820068359375,5057550000,0.005635930617216234,2020-11-23
2020-11-24,3635.409912109375,3642.31005859375,3594.52001953125,3594.52001953125,6280290000,0.016161668273416252,2020-11-24
2020-11-25,3629.64990234375,3635.5,3617.760009765625,3635.5,4910440000,-0.001584418237524976,2020-11-25
2020-11-27,3638.35009765625,3644.31005859375,3629.330078125,3638.550048828125,2778390000,0.002396979198154181,2020-11-27
2020-11-30,3621.6298828125,3634.179931640625,3594.389892578125,3634.179931640625,6308410000,-0.004595548640170977,2020-11-30
2020-12-01,3662.449951171875,3678.449951171875,3645.8701171875,3645.8701171875,5418480000,0.011271187194776155,2020-12-01
2020-12-02,3669.010009765625,3670.9599609375,3644.840087890625,3653.780029296875,5041250000,0.0017911667548251575,2020-12-02
2020-12-03,3666.719970703125,3682.72998046875,3657.169921875,3668.280029296875,5065340000,-0.000624157213091503,2020-12-03
2020-12-04,3699.1201171875,3699.199951171875,3670.93994140625,3670.93994140625,5099620000,0.008836275129611826,2020-12-04
2020-12-07,3691.9599609375,3697.409912109375,3678.8798828125,3694.72998046875,4804500000,-0.0019356376714373402,2020-12-07
2020-12-08,3702.25,3708.449951171875,3678.830078125,3683.050048828125,4584390000,0.002787148065356293,2020-12-08
2020-12-09,3672.820068359375,3712.389892578125,3660.5400390625,3705.97998046875,5232800000,-0.007949201604598555,2020-12-09
2020-12-10,3668.10009765625,3678.489990234375,3645.179931640625,3659.1298828125,4658480000,-0.0012851080682624305,2020-12-10
2020-12-11,3663.4599609375,3665.909912109375,3633.39990234375,3656.080078125,4375470000,-0.0012649972997506032,2020-12-11
2020-12-14,3647.489990234375,3697.610107421875,3645.840087890625,3675.27001953125,4623850000,-0.004359258971957769,2020-12-14
2020-12-15,3694.6201171875,3695.2900390625,3659.6201171875,3666.409912109375,4387080000,0.012921249154708825,2020-12-15
2020-12-16,3701.169921875,3711.27001953125,3688.570068359375,3696.25,4067040000,0.0017727951669590514,2020-12-16
2020-12-17,3722.47998046875,3725.1201171875,3710.8701171875,3713.64990234375,4192810000,0.005757654753379748,2020-12-17
2020-12-18,3709.409912109375,3726.699951171875,3685.840087890625,3722.389892578125,7097100000,-0.0035111185091528663,2020-12-18
2020-12-21,3694.919921875,3702.89990234375,3636.47998046875,3684.280029296875,4748580000,-0.0039062790518439305,2020-12-21
2020-12-22,3687.260009765625,3698.260009765625,3676.159912109375,3698.080078125,4053310000,-0.002073092860288006,2020-12-22
2020-12-23,3690.010009765625,3711.239990234375,3689.280029296875,3693.419921875,3779160000,0.000745811250824957,2020-12-23
2020-12-24,3703.06005859375,3703.820068359375,3689.320068359375,3694.030029296875,1883780000,0.0035365890047962534,2020-12-24
2020-12-28,3735.360107421875,3740.510009765625,3723.030029296875,3723.030029296875,3535460000,0.008722529021144565,2020-12-28
2020-12-29,3727.0400390625,3756.1201171875,3723.31005859375,3750.010009765625,3393290000,-0.00222738052560012,2020-12-29
2020-12-30,3732.0400390625,3744.6298828125,3730.2099609375,3736.18994140625,3154850000,0.0013415471654707467,2020-12-30
2020-12-31,3756.070068359375,3760.199951171875,3726.8798828125,3733.27001953125,3179040000,0.006438845522919845,2020-12-31
2021-01-04,3700.64990234375,3769.989990234375,3662.7099609375,3764.610107421875,5015000000,-0.014754827521051062,2021-01-04
2021-01-05,3726.860107421875,3737.830078125,3695.070068359375,3698.02001953125,4591020000,0.007082595157549276,2021-01-05
2021-01-06,3748.139892578125,3783.0400390625,3705.340087890625,3712.199951171875,6064110000,0.005709842747752214,2021-01-06
2021-01-07,3803.7900390625,3811.550048828125,3764.7099609375,3764.7099609375,5099160000,0.014847403800101189,2021-01-07
2021-01-08,3824.679931640625,3826.68994140625,3783.60009765625,3815.050048828125,4773040000,0.005491862685268911,2021-01-08
2021-01-11,3799.610107421875,3817.860107421875,3789.02001953125,3803.139892578125,4465430000,-0.006554750898592476,2021-01-11
2021-01-12,3801.18994140625,3810.780029296875,3776.510009765625,3801.6201171875,4994950000,0.0004157884466327033,2021-01-12
2021-01-13,3809.840087890625,3820.9599609375,3791.5,3802.22998046875,4602510000,0.0022756417379066196,2021-01-13
2021-01-14,3795.5400390625,3823.60009765625,3792.860107421875,3814.97998046875,5198480000,-0.0037534511943366766,2021-01-14
2021-01-15,3768.25,3788.72998046875,3749.6201171875,3788.72998046875,5369820000,-0.007190027975370938,2021-01-15
2021-01-19,3798.909912109375,3804.530029296875,3780.3701171875,3781.8798828125,5014440000,0.008136379515524483,2021-01-19
